--
-- Script was generated by Devart dbForge Studio 2020 for MySQL, Version 9.0.338.0
-- Product home page: http://www.devart.com/dbforge/mysql/studio
-- Script date 1/24/2024 9:25:47 AM
-- Server version: 8.0.34
-- Client version: 4.1
--

-- 
-- Disable foreign keys
-- 
/*!40014 SET @OLD_FOREIGN_KEY_CHECKS=@@FOREIGN_KEY_CHECKS, FOREIGN_KEY_CHECKS=0 */;

-- 
-- Set SQL mode
-- 
/*!40101 SET @OLD_SQL_MODE=@@SQL_MODE, SQL_MODE='NO_AUTO_VALUE_ON_ZERO' */;

-- 
-- Set character set the client will use to send SQL statements to the server
--
SET NAMES 'utf8';

--
-- Set default database
--
USE `misa.amis.db`;

--
-- Drop procedure `Proc_employee_DeleteMany`
--
DROP PROCEDURE IF EXISTS Proc_employee_DeleteMany;

--
-- Drop procedure `Proc_employee_Filter`
--
DROP PROCEDURE IF EXISTS Proc_employee_Filter;

--
-- Drop procedure `test`
--
DROP PROCEDURE IF EXISTS test;

--
-- Drop procedure `Proc_employee_Delete`
--
DROP PROCEDURE IF EXISTS Proc_employee_Delete;

--
-- Drop procedure `Proc_employee_GetAll`
--
DROP PROCEDURE IF EXISTS Proc_employee_GetAll;

--
-- Drop procedure `Proc_employee_GetByCode`
--
DROP PROCEDURE IF EXISTS Proc_employee_GetByCode;

--
-- Drop procedure `Proc_employee_GetById`
--
DROP PROCEDURE IF EXISTS Proc_employee_GetById;

--
-- Drop procedure `Proc_employee_GetNewCode`
--
DROP PROCEDURE IF EXISTS Proc_employee_GetNewCode;

--
-- Drop procedure `Proc_employee_Insert`
--
DROP PROCEDURE IF EXISTS Proc_employee_Insert;

--
-- Drop procedure `Proc_employee_Update`
--
DROP PROCEDURE IF EXISTS Proc_employee_Update;

--
-- Drop table `employee`
--
DROP TABLE IF EXISTS employee;

--
-- Drop procedure `Proc_department_GetAll`
--
DROP PROCEDURE IF EXISTS Proc_department_GetAll;

--
-- Drop procedure `Proc_department_GetById`
--
DROP PROCEDURE IF EXISTS Proc_department_GetById;

--
-- Drop table `department`
--
DROP TABLE IF EXISTS department;

--
-- Drop procedure `Proc_importfiletemplate_GetSettingTemplate`
--
DROP PROCEDURE IF EXISTS Proc_importfiletemplate_GetSettingTemplate;

--
-- Drop table `importcolumn`
--
DROP TABLE IF EXISTS importcolumn;

--
-- Drop table `importfiletemplate`
--
DROP TABLE IF EXISTS importfiletemplate;

--
-- Set default database
--
USE `misa.amis.db`;

--
-- Create table `importfiletemplate`
--
CREATE TABLE importfiletemplate (
  ImportFileTemplateId char(36) NOT NULL DEFAULT '' COMMENT 'Id của bảng template cho file import',
  ImportFileTemplateName varchar(255) DEFAULT NULL COMMENT 'Tên template cho import file template',
  TableImport varchar(255) NOT NULL DEFAULT '' COMMENT 'Bảng sẽ thực hiện import vào',
  HeadingRowIndex int NOT NULL COMMENT 'Dòng tiêu đề của file',
  StartImportRowIndex int NOT NULL COMMENT 'Dòng bắt đầu đọc dữ liệu',
  FileImportTemplateLocation varchar(255) NOT NULL DEFAULT '',
  CreatedDate datetime DEFAULT NULL COMMENT 'Ngày tạo',
  CreatedBy varchar(255) DEFAULT NULL COMMENT 'Người tạo',
  ModifiedDate datetime DEFAULT NULL COMMENT 'Ngày chỉnh sửa gần nhất',
  ModifiedBy varchar(255) DEFAULT NULL COMMENT 'Người chỉnh sửa gần nhất',
  PRIMARY KEY (ImportFileTemplateId)
)
ENGINE = INNODB,
AVG_ROW_LENGTH = 16384,
CHARACTER SET utf8mb4,
COLLATE utf8mb4_general_ci,
COMMENT = 'Bảng template của các dữ liệu import';

--
-- Create table `importcolumn`
--
CREATE TABLE importcolumn (
  ImportColumnId char(36) NOT NULL DEFAULT '' COMMENT 'Mã định danh cột import',
  ColumnTitle varchar(255) NOT NULL DEFAULT '' COMMENT 'Tiêu đề cột import trong file excel',
  ColumnIndex int NOT NULL COMMENT 'Thứ tự cột import trong file excel',
  IsRequired tinyint DEFAULT NULL COMMENT 'Có required hay không ?',
  ColumnInsert varchar(255) NOT NULL DEFAULT '' COMMENT 'Sẽ thực hiện tương tác trên cột nào của table thực hiện',
  ColumnDataType int DEFAULT NULL COMMENT 'Loại dữ liệu của cột: (String = 0 |Boolean = 2 |Enum =3 |ReferenceTable = 4)',
  ReferenceObjectName varchar(255) DEFAULT NULL COMMENT 'Bảng của thuộc tính sẽ liên kết đến',
  ImportFileTemplateId char(36) NOT NULL DEFAULT '' COMMENT 'Tên file template mà column thực hiện cho',
  CreatedDate datetime DEFAULT NULL COMMENT 'Ngày tạo',
  CreatedBy varchar(255) DEFAULT NULL COMMENT 'Người tạo',
  ModifiedDate datetime DEFAULT NULL COMMENT 'Ngày sửa gần nhất',
  ModifiedBy varchar(255) DEFAULT NULL COMMENT 'Người sửa gần nhất',
  PRIMARY KEY (ImportColumnId)
)
ENGINE = INNODB,
AVG_ROW_LENGTH = 1024,
CHARACTER SET utf8mb4,
COLLATE utf8mb4_general_ci,
COMMENT = 'Bảng các cột thực hiện import';

--
-- Create foreign key
--
ALTER TABLE importcolumn
ADD CONSTRAINT FK_importcolumn_importfiletemplate_ImportFileTemplateId FOREIGN KEY (ImportFileTemplateId)
REFERENCES importfiletemplate (ImportFileTemplateId);

DELIMITER $$

--
-- Create procedure `Proc_importfiletemplate_GetSettingTemplate`
--
CREATE DEFINER = 'root'@'localhost'
PROCEDURE Proc_importfiletemplate_GetSettingTemplate (IN i_ImportColumn varchar(255))
COMMENT 'author: PNNHai
date: 
description: Procedure để lấy ra template cấu hình cho việc đọc file excel'
BEGIN
  SELECT
    ImportFileTemplateId,
    i.ImportFileTemplateName,
    i.TableImport,
    i.HeadingRowIndex,
    i.StartImportRowIndex
  FROM importfiletemplate i
  WHERE i.TableImport = i_ImportColumn;

  SELECT
    i.ImportColumnId,
    i.ColumnTitle,
    i.ColumnIndex,
    i.IsRequired,
    i.ColumnInsert,
    i.ColumnDataType,
    i.ReferenceObjectName,
    i.ImportFileTemplateId
  FROM importcolumn i
  WHERE i.ImportFileTemplateId = (
    -- Thực hiện truy vấn con để lấy ra id ImportFileTemplateId để lấy ra các columns có trong template đó
    SELECT
      ImportFileTemplateId
    FROM importfiletemplate i
    WHERE i.TableImport = i_ImportColumn LIMIT 1)
  ORDER BY i.ColumnIndex;
END
$$

DELIMITER ;

--
-- Create table `department`
--
CREATE TABLE department (
  DepartmentId char(36) NOT NULL DEFAULT '',
  DepartmentCode varchar(20) NOT NULL DEFAULT '',
  DepartmentName varchar(255) DEFAULT NULL,
  CreatedDate datetime DEFAULT NULL COMMENT 'Ngày tạo bản ghi',
  CreatedBy varchar(255) DEFAULT NULL COMMENT 'Người tạo bản ghi',
  ModifiedDate datetime DEFAULT NULL COMMENT 'Ngày cập nhật bản ghi gần nhất',
  ModifiedBy varchar(255) DEFAULT NULL COMMENT 'Người chỉnh sửa bản ghi gần nhất',
  PRIMARY KEY (DepartmentId)
)
ENGINE = INNODB,
AVG_ROW_LENGTH = 2340,
CHARACTER SET utf8mb4,
COLLATE utf8mb4_general_ci,
COMMENT = 'Bảng phòng ban';

--
-- Create index `DepartmentCode` on table `department`
--
ALTER TABLE department
ADD UNIQUE INDEX DepartmentCode (DepartmentCode);

DELIMITER $$

--
-- Create procedure `Proc_department_GetById`
--
CREATE PROCEDURE Proc_department_GetById (IN i_DepartmentId char(36))
SQL SECURITY INVOKER
BEGIN
  SELECT
    d.DepartmentId,
    d.DepartmentCode,
    d.DepartmentName
  FROM department d
  WHERE d.DepartmentId = i_DepartmentId;
END
$$

--
-- Create procedure `Proc_department_GetAll`
--
CREATE PROCEDURE Proc_department_GetAll ()
SQL SECURITY INVOKER
COMMENT 'author: PNNHai
date: 
description: Procedure để lấy thông tin tất cả phòng ban'
BEGIN
  SELECT
    d.DepartmentId,
    d.DepartmentCode,
    d.DepartmentName
  FROM department d;
END
$$

DELIMITER ;

--
-- Create table `employee`
--
CREATE TABLE employee (
  EmployeeId char(36) NOT NULL DEFAULT '' COMMENT 'Id của nhân viên',
  EmployeeCode varchar(20) NOT NULL DEFAULT '' COMMENT 'Mã nhân viên',
  EmployeeName varchar(100) NOT NULL DEFAULT '' COMMENT 'Tên nhân viên',
  IsCustomer tinyint DEFAULT NULL COMMENT 'Nhân viên này có là khách hàng hay không ?',
  IsProvider tinyint DEFAULT NULL COMMENT 'Nhân viên này có là nhà phân phối hay không ?',
  DateOfBirth date DEFAULT NULL COMMENT 'Ngày sinh của nhân viên',
  Gender tinyint NOT NULL COMMENT 'Giới tính của nhân viên (0: Nam | 1: Nữ | 2. Khác)',
  DepartmentId char(36) NOT NULL DEFAULT '' COMMENT 'Id của phòng ban của nhân viên',
  PositionName varchar(255) DEFAULT NULL COMMENT 'Tên phòng ban của nhân viên',
  IdentityNumber varchar(25) DEFAULT NULL COMMENT 'Số CMND/CCCD',
  IdentityIssuedDate date DEFAULT NULL COMMENT 'Ngày cấp CMND/CCCD',
  IdentityIssuedPlace varchar(255) DEFAULT NULL COMMENT 'Nơi cấp CMND/CCCD',
  Address varchar(255) DEFAULT NULL COMMENT 'Địa chỉ nhân viên',
  PhoneNumber varchar(50) DEFAULT NULL COMMENT 'Số điện thoại di động',
  LandlineNumber varchar(50) DEFAULT NULL COMMENT 'Số điện thoại cố định',
  Email varchar(100) DEFAULT NULL COMMENT 'Email nhân viên',
  BankNumber varchar(50) DEFAULT NULL COMMENT 'Số tài khoản ngân hàng',
  BankName varchar(255) DEFAULT NULL COMMENT 'Tên tài khoản ngân hàng',
  BankBranch varchar(255) DEFAULT NULL COMMENT 'Chi nhánh tài khoản ngân hàng',
  CreatedDate datetime DEFAULT NULL COMMENT 'Ngày tạo bản ghi',
  CreatedBy varchar(255) DEFAULT NULL COMMENT 'Người tạo bản ghi',
  ModifiedDate datetime DEFAULT NULL COMMENT 'Ngày cập nhật bản ghi gần nhất',
  ModifiedBy varchar(255) DEFAULT NULL COMMENT 'Người chỉnh sửa bản ghi gần nhất',
  PRIMARY KEY (EmployeeId)
)
ENGINE = INNODB,
AVG_ROW_LENGTH = 546,
CHARACTER SET utf8mb4,
COLLATE utf8mb4_general_ci,
COMMENT = 'Bảng thông tin nhân viên';

--
-- Create index `EmployeeCode` on table `employee`
--
ALTER TABLE employee
ADD UNIQUE INDEX EmployeeCode (EmployeeCode);

--
-- Create foreign key
--
ALTER TABLE employee
ADD CONSTRAINT FK_employee_department_DepartmentId FOREIGN KEY (DepartmentId)
REFERENCES department (DepartmentId);

DELIMITER $$

--
-- Create procedure `Proc_employee_Update`
--
CREATE PROCEDURE Proc_employee_Update (IN i_EmployeeId char(36), IN i_EmployeeCode varchar(20), IN i_EmployeeName varchar(100), IN i_IsCustomer bool, IN i_IsProvider bool, IN i_DateOfBirth date, IN i_Gender tinyint, IN i_DepartmentId char(36), IN i_PositionName varchar(255), IN i_IdentityNumber varchar(25), IN i_IdentityIssuedDate date, IN i_IdentityIssuedPlace varchar(255), IN i_Address varchar(255), IN i_PhoneNumber varchar(50), IN i_LandlineNumber varchar(50), IN i_Email varchar(100), IN i_BankNumber varchar(50), IN i_BankName varchar(255), IN i_BankBranch varchar(255), IN i_ModifiedDate datetime, IN i_ModifiedBy varchar(255))
SQL SECURITY INVOKER
COMMENT 'author: PNNHai
date: 
description: Procedure để update thông tin nhân viên'
BEGIN
  UPDATE employee
  SET EmployeeCode = i_EmployeeCode,
      EmployeeName = i_EmployeeName,
      IsCustomer = i_IsCustomer,
      IsProvider = i_IsProvider,
      DateOfBirth = i_DateOfBirth,
      Gender = i_Gender,
      DepartmentId = i_DepartmentId,
      PositionName = i_PositionName,
      IdentityNumber = i_IdentityNumber,
      IdentityIssuedDate = i_IdentityIssuedDate,
      IdentityIssuedPlace = i_IdentityIssuedPlace,
      Address = i_Address,
      PhoneNumber = i_PhoneNumber,
      LandlineNumber = i_LandlineNumber,
      Email = i_Email,
      BankNumber = i_BankNumber,
      BankName = i_BankName,
      BankBranch = i_BankBranch,
      ModifiedDate = i_ModifiedDate,
      ModifiedBy = i_ModifiedBy

  WHERE EmployeeId = i_EmployeeId;
END
$$

--
-- Create procedure `Proc_employee_Insert`
--
CREATE PROCEDURE Proc_employee_Insert (IN i_EmployeeId char(36), IN i_EmployeeCode varchar(20), IN i_EmployeeName varchar(100), IN i_IsCustomer bool, IN i_IsProvider bool, IN i_DateOfBirth date, IN i_Gender tinyint, IN i_DepartmentId char(36), IN i_PositionName varchar(255), IN i_IdentityNumber varchar(25), IN i_IdentityIssuedDate date, IN i_IdentityIssuedPlace varchar(255), IN i_Address varchar(255), IN i_PhoneNumber varchar(50), IN i_LandlineNumber varchar(50), IN i_Email varchar(100), IN i_BankNumber varchar(50), IN i_BankName varchar(255), IN i_BankBranch varchar(255), IN i_CreatedDate datetime, IN i_CreatedBy varchar(255), IN i_ModifiedDate datetime, IN i_ModifiedBy varchar(255))
SQL SECURITY INVOKER
COMMENT 'author: PNNHai
date: 
description: Procedure để thêm mới một nhân viên'
BEGIN
  INSERT employee (EmployeeId, EmployeeCode, EmployeeName,
  IsCustomer, IsProvider, DateOfBirth,
  Gender, DepartmentId, PositionName,
  IdentityNumber, IdentityIssuedDate, IdentityIssuedPlace,
  Address, PhoneNumber, LandlineNumber,
  Email, BankNumber, BankName,
  BankBranch, CreatedDate, CreatedBy,
  ModifiedDate, ModifiedBy)
    VALUES (i_EmployeeId, i_EmployeeCode, i_EmployeeName, i_IsCustomer, i_IsProvider, i_DateOfBirth, i_Gender, i_DepartmentId, i_PositionName, i_IdentityNumber, i_IdentityIssuedDate, i_IdentityIssuedPlace, i_Address, i_PhoneNumber, i_LandlineNumber, i_Email, i_BankNumber, i_BankName, i_BankBranch, i_CreatedDate, i_CreatedBy, i_ModifiedDate, i_ModifiedBy);
END
$$

--
-- Create procedure `Proc_employee_GetNewCode`
--
CREATE PROCEDURE Proc_employee_GetNewCode ()
SQL SECURITY INVOKER
COMMENT 'author: PNNHai
date: 
description: Procedure để lấy mã nhân viên mới'
BEGIN
  DECLARE currentCode varchar(20);
  DECLARE newCode varchar(20);

  -- Lấy ra mã nhân viên có số cuối cùng lớn nhất
  SELECT
    MAX(CAST(SUBSTRING(EmployeeCode, 4) AS UNSIGNED)) INTO @maxNumber
  FROM employee;

  -- Nếu không có mã nào tồn tại
  IF @maxNumber IS NULL THEN
    SET newCode = 'NV-0001';
  ELSE
    -- Nếu tồn tại mã, thực hiện tăng số và định dạng lại mã mới
    SET @newNumber = @maxNumber + 1;

    -- Định dạng lại số trước khi thêm vào mã
    IF @newNumber < 1000 THEN
      SET newCode = CONCAT('NV-', LPAD(@newNumber, 4, '0'));
    ELSE
      SET newCode = CONCAT('NV-', @newNumber);
    END IF;
  END IF;

  SELECT
    newCode AS NewEmployeeCode;
END
$$

--
-- Create procedure `Proc_employee_GetById`
--
CREATE PROCEDURE Proc_employee_GetById (IN i_EmployeeId char(36))
SQL SECURITY INVOKER
COMMENT 'author: PNNHai
date: 
description: Procedure để lấy thông tin nhân viên theo Id'
BEGIN
  SELECT
    e.EmployeeId,
    e.EmployeeCode,
    e.EmployeeName,
    e.IsCustomer,
    e.IsProvider,
    e.DateOfBirth,
    e.Gender,
    e.DepartmentId,
    d.DepartmentName,
    e.PositionName,
    e.IdentityNumber,
    e.IdentityIssuedDate,
    e.IdentityIssuedPlace,
    e.Address,
    e.PhoneNumber,
    e.LandlineNumber,
    e.Email,
    e.BankNumber,
    e.BankName,
    e.BankBranch

  FROM employee e
    LEFT JOIN department d
      ON e.DepartmentId = d.DepartmentId
  WHERE EmployeeId = i_EmployeeId;
END
$$

--
-- Create procedure `Proc_employee_GetByCode`
--
CREATE PROCEDURE Proc_employee_GetByCode (IN i_EmployeeCode varchar(20))
SQL SECURITY INVOKER
BEGIN
  SELECT
    e.EmployeeId,
    e.EmployeeCode,
    e.EmployeeName,
    e.IsCustomer,
    e.IsProvider,
    e.DateOfBirth,
    e.Gender,
    e.DepartmentId,
    d.DepartmentName,
    e.PositionName,
    e.IdentityNumber,
    e.IdentityIssuedDate,
    e.IdentityIssuedPlace,
    e.Address,
    e.PhoneNumber,
    e.LandlineNumber,
    e.Email,
    e.BankNumber,
    e.BankName,
    e.BankBranch

  FROM employee e
    LEFT JOIN department d
      ON e.DepartmentId = d.DepartmentId
  WHERE EmployeeCode = i_EmployeeCode;
END
$$

--
-- Create procedure `Proc_employee_GetAll`
--
CREATE PROCEDURE Proc_employee_GetAll ()
SQL SECURITY INVOKER
COMMENT 'author: PNNHai
date: 
description: Procedure để lấy thông tin tất cả nhân viên'
BEGIN
  SELECT
    e.EmployeeId,
    e.EmployeeCode,
    e.EmployeeName,
    e.IsCustomer,
    e.IsProvider,
    e.DateOfBirth,
    e.Gender,
    e.DepartmentId,
    d.DepartmentName,
    e.PositionName,
    e.IdentityNumber,
    e.IdentityIssuedDate,
    e.IdentityIssuedPlace,
    e.Address,
    e.PhoneNumber,
    e.LandlineNumber,
    e.Email,
    e.BankNumber,
    e.BankName,
    e.BankBranch

  FROM employee e
    LEFT JOIN department d
      ON e.DepartmentId = d.DepartmentId
  ORDER BY e.ModifiedDate DESC;
END
$$

--
-- Create procedure `Proc_employee_Delete`
--
CREATE PROCEDURE Proc_employee_Delete (IN i_EmployeeId char(36))
SQL SECURITY INVOKER
COMMENT 'author: PNNHai
date: 
description: Procedure để xóa nhân viên theo Id'
BEGIN
  DELETE
    FROM employee
  WHERE EmployeeId = i_EmployeeId;
END
$$

--
-- Create procedure `test`
--
CREATE DEFINER = 'root'@'localhost'
PROCEDURE test (IN i_FilterType int, IN i_FilterColumn varchar(200), IN i_FilterString varchar(200))
BEGIN
  SET @whereClause = 'select * from employee WHERE ';
  CASE i_FilterType
    WHEN 6 THEN SET @whereClause = CONCAT(@whereClause, i_FilterColumn, ' > \'', i_FilterString, '\'');

    WHEN 7 THEN SET @whereClause = CONCAT(@whereClause, i_FilterColumn, ' < \'', i_FilterString, '\'');

    WHEN 8 THEN SET @whereClause = CONCAT(@whereClause, ' AND ', i_FilterColumn, ' >= \'', i_FilterString, '\'');

    WHEN 9 THEN SET @whereClause = CONCAT(@whereClause, ' AND ', i_FilterColumn, ' <= \'', i_FilterString, '\'');

    WHEN 10 THEN SET @whereClause = CONCAT(@whereClause, ' AND ', i_FilterColumn, ' = \'', i_FilterString, '\'');
  END CASE;

  PREPARE filterQuery FROM @whereClause;
  EXECUTE filterQuery;
  DEALLOCATE PREPARE filterQuery;
END
$$

--
-- Create procedure `Proc_employee_Filter`
--
CREATE PROCEDURE Proc_employee_Filter (IN i_PageNumber int, IN i_PageSize int, IN i_Where varchar(500), IN i_SortColumn varchar(100), IN i_IsSortDesc bool, IN i_FilterClause varchar(5000), OUT o_TotalRecords int)
SQL SECURITY INVOKER
COMMENT 'author: PNNHai
date: 
desctiption: Procedure lấy danh sách nhân viên kết hợp lọc thông tin, tìm kiếm và phân trang
i_PageNumber: Số trang hiện tại
i_Where: Điều kiện tìm kiếm (Theo mã và tên)
i_SortColumn: Cột muốn thực hiện sắp xếp
i_IsSortDesc: (true: DESC | false: ASC)
i_FilterString: Chuỗi điều kiện lọc dữ liệu '
BEGIN
  -- Khai báo hiến để lấy offset là bản ghi bắt đầu lấy
  DECLARE recordOffset int;

  -- Nếu điều kiện có thì thực hiện tìm kiếm theo Code hoặc Name
  IF (i_Where IS NOT NULL) THEN
    SET @whereClause = CONCAT('(EmployeeCode LIKE \'%', i_Where, '%\' OR EmployeeName LIKE \'%', i_Where, '%\')');
  -- Nếu không có điều kiện tìm kiếm -> 1 = 1 -> luôn đúng
  ELSE
    SET @whereClause = '1=1';
  END IF;

  -- Nếu khối lệnh filter có tồn tại -> nối thêm điều kiện where = where + khối điều kiện filter
  IF (i_FilterClause IS NOT NULL) THEN
    SET @whereClause = CONCAT(@whereClause, i_FilterClause);
  END IF;

  -- Nếu điều kiện sắp xếp theo cột không có -> mặc định sắp xếp theo giảm dần theo ModifiedDate
  IF IFNULL(i_SortColumn, '') = '' THEN
    SET i_SortColumn = 'e.ModifiedDate DESC';
  -- Trường hợp có điều kiện sắp xếp
  ELSE
    -- Nếu trường cần sắp xếp là Name -> Cắt chuỗi lấy chữ cái cuối cùng là tên
    IF (i_SortColumn = 'EmployeeName') THEN
      SET i_SortColumn = CONCAT('SUBSTRING_INDEX(', i_SortColumn, ', \' \', -1)');
    END IF;

    -- Sắp xếp theo kiểu unicode
    SET i_SortColumn = CONCAT(i_SortColumn, ' COLLATE utf8mb4_unicode_ci');

    -- Có sắp xếp giảm dần hay không ??? -> Nếu có -> DESC
    IF (i_isSortDesc = TRUE) THEN
      SET i_SortColumn = CONCAT(i_SortColumn, ' DESC');
    END IF;
  END IF;

  SET @filterQuery = 'SELECT  e.EmployeeId,           e.EmployeeCode,       e.EmployeeName, 
                              e.IsCustomer,           e.IsProvider,         e.DateOfBirth , 
                              e.Gender,               e.DepartmentId,       d.DepartmentName,
                              e.PositionName,         e.IdentityNumber,     e.IdentityIssuedDate, 
                              e.IdentityIssuedPlace,  e.Address,            e.PhoneNumber,        
                              e.LandlineNumber,       e.Email,              e.BankNumber,         
                              e.BankName,             e.BankBranch 
                      FROM employee e LEFT JOIN department d 
                      ON e.DepartmentId = d.DepartmentId';

  -- Nếu pageNumber <= 0 hoặc pageSize < 0 => Lấy hết bản ghi
  IF i_PageNumber <= 0
    OR i_PageSize < 0 THEN
    SET @filterQuery = CONCAT(@filterQuery, ' WHERE ', @whereClause, ' ORDER BY ', i_SortColumn);

  -- Lấy bản ghi có phân trang
  ELSE
    -- Bản ghi bắt đầu lấy / trang (offset ở trong limit bắt đầu lấy từ 0 -> pageNumber - 1)
    SET recordOffset = (i_PageNumber - 1) * i_PageSize;
    SET @filterQuery = CONCAT(@filterQuery, ' WHERE ', @whereClause, ' ORDER BY ', i_SortColumn, ' LIMIT ', recordOffset, ',', i_PageSize);
  END IF;

  -- THỰC THI CÂU SQL
  PREPARE filterQuery FROM @filterQuery;
  EXECUTE filterQuery;
  DEALLOCATE PREPARE filterQuery;

  -- CÂU LỆNH ĐỂ TRẢ VỀ SỐ LƯỢNG BẢN GHI VÀO OUT PARAMETTER
  SET @totalCountQuery = CONCAT('SELECT COUNT(*) INTO @totalRecord FROM employee e WHERE ', @whereClause);
  PREPARE totalCount FROM @totalCountQuery;
  EXECUTE totalCount;
  DEALLOCATE PREPARE totalCount;

  SET o_TotalRecords = @totalRecord;
END
$$

--
-- Create procedure `Proc_employee_DeleteMany`
--
CREATE PROCEDURE Proc_employee_DeleteMany (IN i_Ids varchar(1000))
SQL SECURITY INVOKER
COMMENT 'author: PNNHai
date:
description: Procedure dùng để xóa nhiều bản ghi nhân viên với id nằm trong dãy các id truyền vào
'
BEGIN
  SET @deleteQuery = CONCAT('DELETE FROM employee WHERE EmployeeId IN (', i_Ids, ')');
  PREPARE deleteQuery FROM @deleteQuery;
  EXECUTE deleteQuery;
  DEALLOCATE PREPARE deleteQuery;
END
$$

DELIMITER ;

-- 
-- Dumping data for table importfiletemplate
--
INSERT INTO importfiletemplate VALUES
('1f60e54f-196f-45f3-5498-ae38c5379e4b', 'Nhập khẩu nhân viên', 'Employee', 3, 4, '', '2024-01-19 23:17:25', 'admin', '2024-01-19 00:00:02', 'admin');

-- 
-- Dumping data for table department
--
INSERT INTO department VALUES
('11452b0c-768e-5ff7-0d63-eeb1d8ed8cef', 'D04', 'Phòng Nhân Sự', '2017-08-24 04:05:24', 'Lương Nam Thiếu ', '2023-07-27 03:39:30', 'Lưu Văn Huy '),
('142cb08f-7c31-21fa-8e90-67245e8b283e', 'D07', 'Phòng Kỹ Thuật', '2015-01-01 00:07:13', 'Phan An Gia ', '2021-01-01 00:00:04', 'Phạm Tuấn Thiếu '),
('17120d02-6ab5-3e43-18cb-66948daf6128', 'D01', 'Phòng Kinh Doanh', '2017-04-12 01:57:24', 'Lục Nhật Hoàn ', '2022-10-30 02:36:04', 'Triệu Tuấn Anh '),
('4577565a-7e3e-493a-74dd-867949feb8b5', 'D03', 'Phòng Hành Chính', '2017-04-09 23:16:55', 'Lương Nam Thọ ', '2023-08-05 02:06:09', 'Hoàng  Như\r\nPhượng'),
('469b3ece-744a-45d5-957d-e8c757976496', 'D05', 'Phòng Bảo An', '2015-04-25 06:51:40', 'Phạm  An\r\nMy', '2022-09-14 20:12:15', 'Lã Tuấn Nam '),
('4e272fc4-7875-78d6-7d32-6a1673ffca7c', 'D02', 'Phòng Đào Tạo', '2020-03-09 21:07:37', 'Phạm Nam Nam ', '2021-01-01 00:00:08', 'Lã Tuấn Lộc '),
('768f8e64-7d10-20c9-967d-e8c757976496', 'D06', 'Phòng Chiến Lược', '2018-06-22 09:38:19', 'Lưu Văn Hoàn ', '2022-01-14 22:05:15', 'Lã Văn Đức ');

-- 
-- Dumping data for table importcolumn
--
INSERT INTO importcolumn VALUES
('11643064-22fb-7e14-1399-04b3a3d51ef2', 'ĐT di động', 11, 0, 'PhoneNumber', NULL, NULL, '1f60e54f-196f-45f3-5498-ae38c5379e4b', '2024-01-19 23:51:06', 'admin', '2024-01-19 00:38:00', 'admin'),
('11fbda18-5d9f-396c-1299-04b3a3d51ef2', 'Ngày cấp', 8, 0, 'IdentityIssuedDate', NULL, NULL, '1f60e54f-196f-45f3-5498-ae38c5379e4b', '2024-01-19 22:13:11', 'admin', '2024-01-19 21:48:16', 'admin'),
('15b4ab0a-3b8f-6f6f-2a8f-4d82f3a13455', 'ĐT cố định', 12, 0, 'LandlineNumber', NULL, NULL, '1f60e54f-196f-45f3-5498-ae38c5379e4b', '2024-01-19 19:13:58', 'admin', '2024-01-19 02:39:05', 'admin'),
('33c6f0f4-3591-2c8e-1244-cfd00e0a9b3b', 'Email', 13, 0, 'Email', NULL, NULL, '1f60e54f-196f-45f3-5498-ae38c5379e4b', '2024-01-19 12:36:19', 'admin', '2024-01-19 00:00:06', 'admin'),
('3d1c5555-3e10-56cf-2b8f-4d82f3a13455', 'Tên ngân hàng', 15, 0, 'BankName', NULL, NULL, '1f60e54f-196f-45f3-5498-ae38c5379e4b', '2024-01-19 01:51:30', 'admin', '2024-01-19 22:13:07', 'admin'),
('4a0e751e-750e-45c3-de78-cf6d4dd5c4a3', 'Địa chỉ', 10, 0, 'Address', NULL, NULL, '1f60e54f-196f-45f3-5498-ae38c5379e4b', '2024-01-19 00:10:13', 'admin', '2024-01-19 10:12:53', 'admin'),
('4bfe55ba-57df-274c-1144-cfd00e0a9b3b', 'Phòng ban', 3, 1, 'DepartmentId', 4, 'Department', '1f60e54f-196f-45f3-5498-ae38c5379e4b', '2024-01-19 02:17:18', 'admin', '2024-01-19 00:00:04', 'admin'),
('5ada22d3-3248-6596-6e1a-bb545470e80c', 'Chi nhánh', 16, 0, 'BankBranch', NULL, NULL, '1f60e54f-196f-45f3-5498-ae38c5379e4b', '2024-01-19 19:00:42', 'admin', '2024-01-19 10:48:39', 'admin'),
('5e6695e2-5aad-3241-6c1a-bb545470e80c', 'Nơi cấp', 9, 0, 'IdentityIssuedPlace', NULL, NULL, '1f60e54f-196f-45f3-5498-ae38c5379e4b', '2024-01-19 19:04:23', 'admin', '2024-01-19 00:04:55', 'admin'),
('60e226cb-63fb-4363-fc4d-8601bf3d85d8', 'Chức danh', 6, 0, 'PositionName', NULL, NULL, '1f60e54f-196f-45f3-5498-ae38c5379e4b', '2024-01-19 00:01:08', NULL, '2024-01-19 14:20:15', 'admin'),
('6207a9a7-3bf9-7288-8565-390639088226', 'TK ngân hàng', 14, 0, 'BankNumber', NULL, NULL, '1f60e54f-196f-45f3-5498-ae38c5379e4b', '2024-01-19 17:10:48', 'admin', '2024-01-19 00:01:22', 'admin'),
('697be7ba-1738-6adf-298f-4d82f3a13455', 'Mã nhân viên', 1, 1, 'EmployeeCode', NULL, NULL, '1f60e54f-196f-45f3-5498-ae38c5379e4b', '2024-01-19 19:45:15', 'admin', '2024-01-19 23:42:31', 'admin'),
('6d81a322-63f0-7270-6d1a-bb545470e80c', 'Tên nhân viên', 2, 1, 'EmployeeName', NULL, NULL, '1f60e54f-196f-45f3-5498-ae38c5379e4b', '2024-01-19 01:08:43', 'admin', NULL, NULL),
('6ed2e962-178c-712c-fd4d-8601bf3d85d8', 'Số CCCD', 7, 0, 'IdentityNumber', NULL, NULL, '1f60e54f-196f-45f3-5498-ae38c5379e4b', '2024-01-19 19:14:04', 'admin', '2024-01-19 00:00:01', 'admin'),
('76598eb0-20b1-664e-8665-390639088226', 'Giới tính', 4, 0, 'Gender', 3, 'Gender', '1f60e54f-196f-45f3-5498-ae38c5379e4b', '2024-01-19 10:12:01', 'admin', '2024-01-19 23:40:21', 'admin'),
('a23da9e0-76c9-4295-ae4e-e6d41081051b', 'Ngày sinh', 5, 0, 'DateOfBirth', NULL, NULL, '1f60e54f-196f-45f3-5498-ae38c5379e4b', '2024-01-19 00:37:22', 'admin', '2024-01-19 00:37:22', 'admin');

-- 
-- Dumping data for table employee
--
INSERT INTO employee VALUES
('11a8748f-3464-740c-28c2-579daad24557', 'NV-0150', 'Lã Như Diễm', 0, 0, '1995-06-30', 1, '17120d02-6ab5-3e43-18cb-66948daf6128', 'Trưởng phòng', '6796191056', '2012-12-05', NULL, 'Ngõ 55/25/16 Khuất Duy Tiến - Hà Đông - Hà Nội', '0984221766', '0226775110', 'xiao8144@yahoo.com.vn', '1848669351', 'Ngân hàng Quân Đội', 'Hoàng Cầu - Nam Từ Liêm - Hà Nội', '2013-07-05 08:50:58', 'Lã Nam Thành ', '2021-01-01 00:08:32', 'Triệu Tiến Nam '),
('1208b54a-66ee-355a-46c2-579daad24557', 'NV-0313', 'Đào An Vy', 1, 0, '1970-02-10', 2, '11452b0c-768e-5ff7-0d63-eeb1d8ed8cef', 'Giám đốc', '3261287396', '1990-02-10', 'Nam Định', '12 Phạm Hồng Thái - Thanh Xuân - Hà Nội', '0984328195', '0984634271', 'authen8071@yahoo.com', '4050216144', 'Ngân hàng Techcombank', 'Khuất Duy Tiến - Nam Từ Liêm - Hà Nội', '2014-12-03 08:36:53', 'Lương An Lương ', '2022-03-14 19:48:53', 'Hoàng Bình Đức '),
('1219e510-59ef-36fc-45c2-579daad24557', 'NV-0160', 'Lưu Tiến Nam', 1, 0, NULL, 0, '142cb08f-7c31-21fa-8e90-67245e8b283e', 'Trưởng bộ phận', '6890065459', NULL, 'Nam Định', NULL, NULL, NULL, NULL, '3006070195', NULL, 'Nguyễn Trãi - Hoàng Mai - Hà Nội', '2013-01-01 00:15:58', 'Triệu Nhật Sơn ', '2022-09-22 22:12:42', 'Triệu Văn Tùng '),
('12693b29-274c-35ce-d11d-086412a8ea97', 'NV-0010', 'Lương Văn Long', 0, 0, '1973-05-17', 0, '142cb08f-7c31-21fa-8e90-67245e8b283e', 'Trưởng bộ phận', '4947108452', '2004-02-27', 'Hòa Bình', '679 Phạm Hồng Thái - Hoàng Mai - Hà Nội', '0988757520', '0226503048', 'papa9187@gmail.com.vn', '4479676672', 'Ngân hàng Viettinbank', 'Hoàng Cầu - Hoàng Mai - Hà Nội', '2020-09-28 17:02:57', 'Nguyễn An Thành ', '2023-04-14 14:30:07', 'Lưu Nhật Lương '),
('12e12a5c-6e3a-503a-d71d-086412a8ea97', 'NV-0250', 'Phan Lan Hòa', 1, 0, '1999-04-26', 1, '469b3ece-744a-45d5-957d-e8c757976496', NULL, '1024344166', '1995-11-07', 'Hà Nội', 'Ngõ 56/35 Dương Đình Nghệ - Ba Đình - Hà Nội', '0262302320', NULL, 'xiao3999@yahoo.com.vn', '3980445455', 'Ngân hàng Quân Đội', 'Hoàng Cầu - Nam Từ Liêm - Hà Nội', '2019-01-15 16:15:27', 'Nguyễn  Mai\r\nHoa', '2021-11-04 03:40:17', 'Nguyễn Bình Nam '),
('12e1b096-3542-127a-1077-d9ebc53aac3d', 'NV-0171', 'Vũ Tiến Dương', 0, 0, '1987-05-28', 0, '469b3ece-744a-45d5-957d-e8c757976496', 'Trưởng bộ phận', '7545669402', '2019-03-18', 'Hải Phòng', 'Ngõ 69/96/28 Nguyễn Trãi - Cầu Giấy - Hà Nội', '0333517404', '0987513449', 'letgo2552@outlook.com.vn', '7308657980', 'Ngân hàng Vietcombank', 'Dương Đình Nghệ - Ba Đình - Hà Nội', '2014-01-30 04:41:35', 'Lã  Thùy\r\nPhương', '2021-10-23 18:20:05', 'Lưu Tiến Hải '),
('13241f9b-34c5-6720-9641-c1ec321fe728', 'NV-0215', 'Lưu Tiến Huy', 0, 0, '1970-01-01', 0, '4577565a-7e3e-493a-74dd-867949feb8b5', 'Trưởng phòng', '4669625129', '1990-01-01', NULL, 'Ngõ 93/95 Nguyễn Trãi - Bắc Từ Liêm - Hà Nội', '0262400386', '0988010693', 'auhyun4122@gmail.com', '2854622963', 'Ngân hàng Techcombank', 'Hoàng Cầu - Hà Đông - Hà Nội', '2015-12-17 02:21:15', 'Phan Tiến Anh ', '2021-01-01 00:00:06', 'Lưu An Thiềm '),
('134608bd-48c2-5fd7-1435-60b3ebf808a9', 'NV-0067', 'Hoàng Thùy Hòa', 0, 0, '1976-06-24', 1, '142cb08f-7c31-21fa-8e90-67245e8b283e', NULL, '9089683177', '1996-02-18', 'Sơn La', '945 Phạm Hồng Thái - Thanh Xuân - Hà Nội', '0986908875', '0987925613', 'letgo8357@outlook.com', '8096674326', 'Ngân hàng Á Châu', 'Hoàng Cầu - Nam Từ Liêm - Hà Nội', '2015-06-14 23:41:33', 'Nguyễn An Gia ', '2021-01-01 00:00:09', 'Hoàng Nam Kiệt '),
('13e1d857-71ca-355c-5835-0028ed526dd0', 'NV-0099', 'Triệu Thùy Chinh', 0, 0, '1981-01-12', 1, '469b3ece-744a-45d5-957d-e8c757976496', 'Phó giám đốc', '3757399227', '2014-11-28', NULL, 'Ngõ 12/59 Phạm Hồng Thái - Cầu Giấy - Hà Nội', '0987893538', NULL, 'bossbiet8809@outlook.com', '4635600765', 'Ngân hàng Vietcombank', 'Nguyễn Trãi - Bắc Từ Liêm - Hà Nội', '2015-12-29 01:20:19', 'Lương Tuấn Đức ', '2022-06-15 20:42:38', 'Triệu Văn Dương '),
('13ede5b6-19dd-563e-1980-de64d090a2c2', 'NV-0133', 'Lương Bình Thiềm', 0, 0, '1994-11-23', 2, '469b3ece-744a-45d5-957d-e8c757976496', NULL, '8979666073', '2001-07-23', 'Hải Phòng', '61 Khuất Duy Tiến - Cầu Giấy - Hà Nội', '0986082133', '0262202527', 'letgo0765@gmail.com', '4903139782', 'Ngân hàng Quân Đội', 'Nguyễn Trãi - Hai Bà Trưng - Hà Nội', '2019-08-31 12:53:12', 'Phan Tuấn Dũng ', '2021-12-13 18:00:24', 'Phan Văn Dũng '),
('143e4110-751a-5474-1f80-de64d090a2c2', 'NV-0121', 'Lã Tiến Tùng', 0, 1, '1974-08-15', 0, '17120d02-6ab5-3e43-18cb-66948daf6128', 'Trưởng chi nhánh', '9228655021', '1995-05-18', 'Hà Tĩnh', '295 Đinh Tiên Hoàng - Ba Đình - Hà Nội', '0333168017', NULL, 'hyunhyun5697@gmail.com.vn', '9768396072', 'Ngân hàng Viettinbank', 'Khuất Duy Tiến - Cầu Giấy - Hà Nội', '2013-01-01 00:00:18', 'Vũ Nam Huy ', '2023-09-11 12:16:06', 'Phạm Nhật Gia '),
('14aa1334-3d35-32c4-30c2-579daad24557', 'NV-0337', 'Phạm Tuấn Thành', 0, 0, NULL, 0, '17120d02-6ab5-3e43-18cb-66948daf6128', NULL, '9218734699', NULL, 'Hải Phòng', NULL, NULL, '0988300368', NULL, '4349133160', NULL, 'Đinh Tiên Hoàng - Hoàng Mai - Hà Nội', NULL, NULL, '2021-03-12 23:46:14', 'Đào Nam Giang '),
('1518ced5-6993-37f8-6180-7ed9d1ea06ea', 'NV-0239', 'Phan Mai Loan', 1, 0, '1986-07-07', 2, '142cb08f-7c31-21fa-8e90-67245e8b283e', NULL, '6013758468', '2006-07-07', 'Hà Nội', 'Ngõ 28/24 Khuất Duy Tiến - Cầu Giấy - Hà Nội', '0988446946', NULL, 'trunghyun0365@gmail.com.vn', '5055959788', 'Ngân hàng Quân Đội', 'Dương Đình Nghệ - Hai Bà Trưng - Hà Nội', '2013-01-01 00:00:01', 'Nguyễn An Lương ', '2022-01-07 14:18:16', 'Lưu An Dũng '),
('156bb711-53c6-12ee-5d80-7ed9d1ea06ea', 'NV-0145', 'Lã Mai Phượng', 0, 0, '1977-11-06', 2, '4e272fc4-7875-78d6-7d32-6a1673ffca7c', NULL, '6508814459', '1992-10-26', 'Hải Phòng', 'Ngõ 99/18/26 Đinh Tiên Hoàng - Cầu Giấy - Hà Nội', '0986055892', '0986465597', 'trunghyun7792@outlook.com.vn', '4037118925', 'Ngân hàng Á Châu', NULL, '2013-06-30 14:41:29', 'Hoàng Tiến Thành ', NULL, NULL),
('15acfdfd-12d7-52f6-2777-d9ebc53aac3d', 'NV-0066', 'Phạm Văn Gia', 1, 0, '1970-04-01', 0, '4e272fc4-7875-78d6-7d32-6a1673ffca7c', NULL, '8470444577', '1990-04-01', 'Nam Định', 'Ngõ 17/19/56 Dương Đình Nghệ - Cầu Giấy - Hà Nội', '0984690116', '0986399190', 'papa7235@yahoo.com.vn', '1608374312', 'Ngân hàng Đông Á', NULL, '2014-03-10 10:14:11', 'Nguyễn  Lan\r\nGiang', NULL, NULL),
('15f7fc94-6dce-3bce-2680-de64d090a2c2', 'NV-0294', 'Lã An Ánh', 0, 0, NULL, 2, '4e272fc4-7875-78d6-7d32-6a1673ffca7c', NULL, '5243210159', NULL, NULL, NULL, '0987073065', NULL, NULL, '0627492776', NULL, NULL, '2013-08-25 22:58:21', 'Lương Văn Huy ', NULL, NULL),
('1737c16a-1277-1be3-3bc2-579daad24557', 'NV-0379', 'Lưu Thùy Quỳnh', 0, 1, NULL, 1, '4577565a-7e3e-493a-74dd-867949feb8b5', 'Trưởng phòng', '7666971907', NULL, 'Hà Nam', NULL, '0988040685', '0987191309', NULL, '5412881644', NULL, 'Nguyễn Trãi - Nam Từ Liêm - Hà Nội', '2018-12-08 18:12:40', 'Nguyễn Tiến Dũng ', '2021-03-06 23:03:30', 'Vũ An Lộc '),
('17872e95-3d24-6d1a-32c2-579daad24557', 'NV-0101', 'Lã Ngọc Trâm', 0, 0, '1985-05-11', 1, '11452b0c-768e-5ff7-0d63-eeb1d8ed8cef', 'Phó giám đốc', '5543911974', '2000-03-14', NULL, '331 Khuất Duy Tiến - Bắc Từ Liêm - Hà Nội', '0986414258', '0333505165', 'authen7568@outlook.com.vn', '0322484518', 'Ngân hàng Techcombank', 'Dương Đình Nghệ - Thanh Xuân - Hà Nội', '2014-03-21 21:52:27', 'Phan Nam Dương ', '2021-08-28 11:23:19', 'Triệu An Lương '),
('184de98f-2046-1e3f-3377-d9ebc53aac3d', 'NV-0126', 'Đào Bình Thiếu', 0, 0, '1992-02-21', 2, '142cb08f-7c31-21fa-8e90-67245e8b283e', 'Chuyên viên', '0104102275', '1991-01-08', NULL, 'Ngõ 14/21/38 Hoàng Cầu - Bắc Từ Liêm - Hà Nội', '0986087572', NULL, 'papa4799@yahoo.com.vn', '6780037025', ' Ngân hàng Sacombank', 'Đinh Tiên Hoàng - Ba Đình - Hà Nội', '2019-10-05 10:40:15', 'Vũ Tiến Lương ', '2021-11-02 05:41:20', 'Phan Văn Hoàng '),
('1894486a-2191-4a91-ccd2-89b22d10517e', 'NV-0282', 'Hoàng Văn Thành', 0, 0, '1978-05-19', 0, '17120d02-6ab5-3e43-18cb-66948daf6128', 'Chuyên viên', '3049162868', '1990-02-14', NULL, 'Ngõ 67/61/23 Hoàng Cầu - Ba Đình - Hà Nội', '0226412348', NULL, 'papa5819@gmail.com.vn', '1003288350', 'Ngân hàng Quân Đội', 'Phạm Hồng Thái - Ba Đình - Hà Nội', '2020-02-11 19:21:29', 'Đào Tiến Nam ', '2021-05-09 14:32:40', 'Lục  Mai\r\nLoan'),
('18baaac1-2b18-2317-b9d2-89b22d10517e', 'NV-0295', 'Vũ Lan Giang', 0, 0, '1971-04-12', 1, '768f8e64-7d10-20c9-967d-e8c757976496', 'Chuyên viên', '5323252060', '1991-02-26', 'Sơn La', 'Ngõ 29/83 Phạm Hồng Thái - Thanh Xuân - Hà Nội', '0262472044', NULL, 'namxiao2673@gmail.com', '7938027235', 'Ngân hàng Đông Á', 'Phạm Hồng Thái - Bắc Từ Liêm - Hà Nội', '2020-02-22 21:43:12', 'Lã Tuấn Hoàng ', '2021-12-11 08:28:03', 'Đào Tuấn Thiếu '),
('18bbd5d8-6c2d-154c-bad2-89b22d10517e', 'NV-0045', 'Vũ Ngọc Hoa', 0, 0, NULL, 1, '17120d02-6ab5-3e43-18cb-66948daf6128', 'Chuyên viên', '7456316176', NULL, 'Hòa Bình', NULL, NULL, '0984105128', NULL, '3035914975', NULL, 'Dương Đình Nghệ - Nam Từ Liêm - Hà Nội', '2013-01-01 00:00:47', 'Đào An Dũng ', '2021-01-01 00:00:02', 'Đào Nhật Thọ '),
('18d2ec1b-61c5-1896-2ec2-579daad24557', 'NV-0212', 'Lục Tiến Nam', 0, 1, '1986-06-19', 0, '142cb08f-7c31-21fa-8e90-67245e8b283e', NULL, '2820912560', '1999-07-23', 'Hà Nam', 'Ngõ 15/75 Khuất Duy Tiến - Thanh Xuân - Hà Nội', '0984435885', '0987706414', 'papa7925@yahoo.com', '0905989926', 'Ngân hàng Viettinbank', 'Khuất Duy Tiến - Ba Đình - Hà Nội', '2014-08-26 14:29:30', 'Lã Nhật Gia ', '2022-08-13 11:16:05', 'Vũ An Lương '),
('1906737f-3aed-5704-1777-d9ebc53aac3d', 'NV-0146', 'Nguyễn Ngọc Hiền', 0, 0, NULL, 1, '17120d02-6ab5-3e43-18cb-66948daf6128', NULL, '9426108946', NULL, 'Sơn La', NULL, NULL, NULL, NULL, '8344671768', NULL, 'Dương Đình Nghệ - Ba Đình - Hà Nội', '2019-08-12 08:55:18', 'Vũ Nam Phúc ', '2023-03-10 01:59:34', 'Hoàng Tuấn Hải '),
('19208572-271c-6122-3177-d9ebc53aac3d', 'NV-0123', 'Vũ Lan Giang', 0, 0, NULL, 1, '11452b0c-768e-5ff7-0d63-eeb1d8ed8cef', 'Trưởng chi nhánh', '2593318529', NULL, NULL, '976 Dương Đình Nghệ - Hoàn Kiếm - Hà Nội', '0984213498', NULL, 'letco6284@gmail.com.vn', '7062693925', 'Ngân hàng Á Châu', NULL, '2019-11-03 15:35:10', 'Lưu Bình Gia ', NULL, NULL),
('19256041-7623-2834-6df6-423b4e874d0f', 'NV-0095', 'Lã Nhật Gia', 0, 0, '1975-08-09', 0, '4577565a-7e3e-493a-74dd-867949feb8b5', NULL, '8659467376', '2012-07-30', 'Kiên Giang', '22 Phạm Hồng Thái - Bắc Từ Liêm - Hà Nội', '0262695880', '0987951777', 'tienlen3598@gmail.com.vn', '0768463159', ' Ngân hàng Sacombank', NULL, '2015-06-22 06:00:33', 'Lục Bình Gia ', NULL, NULL),
('192b3b9d-5e60-3b13-5b80-7ed9d1ea06ea', 'NV-0132', 'Vũ Tuấn Hoàng', 0, 0, NULL, 0, '142cb08f-7c31-21fa-8e90-67245e8b283e', 'Trưởng bộ phận', '9269862732', NULL, 'Thái Bình', NULL, NULL, NULL, NULL, '7487817047', NULL, 'Phạm Hồng Thái - Hà Đông - Hà Nội', NULL, NULL, '2022-12-24 01:35:15', 'Phạm Văn Sơn '),
('197fda97-5a35-781d-0e77-d9ebc53aac3d', 'NV-0044', 'Vũ An An', 0, 0, NULL, 2, '469b3ece-744a-45d5-957d-e8c757976496', NULL, '5234935930', NULL, NULL, NULL, NULL, '0226512994', NULL, '2531675243', NULL, 'Đinh Tiên Hoàng - Nam Từ Liêm - Hà Nội', NULL, NULL, '2022-12-28 02:06:56', 'Nguyễn Văn Tùng '),
('199db575-444b-2633-6880-7ed9d1ea06ea', 'NV-0315', 'Vũ An Thiếu', 1, 0, '1973-11-09', 2, '142cb08f-7c31-21fa-8e90-67245e8b283e', 'Trưởng chi nhánh', '5413325608', '1991-02-04', 'Nam Định', 'Ngõ 31/14/78 Khuất Duy Tiến - Thanh Xuân - Hà Nội', '0226748780', '0988007109', 'letgo0808@gmail.com.vn', '0260513173', 'Ngân hàng Vietcombank', 'Phạm Hồng Thái - Ba Đình - Hà Nội', '2013-01-01 00:01:22', 'Lưu Văn Sơn ', '2021-09-02 18:40:26', 'Vũ Văn Dũng '),
('1b05fdba-145b-7ab0-8d41-c1ec321fe728', 'NV-0167', 'Triệu Nam Hoàng', 0, 0, '1997-12-16', 0, '4577565a-7e3e-493a-74dd-867949feb8b5', NULL, '1944761135', '2005-08-20', NULL, '97 Phạm Hồng Thái - Thanh Xuân - Hà Nội', '0988554032', NULL, 'tienlen4264@yahoo.com', '9164870809', 'Ngân hàng Vietcombank', 'Khuất Duy Tiến - Cầu Giấy - Hà Nội', '2019-02-24 03:33:08', 'Đào Nhật Long ', '2021-01-01 00:00:07', 'Nguyễn An Long '),
('1b972dfb-67eb-5f25-39c2-579daad24557', 'NV-0276', 'Phạm An Tùng', 0, 0, '1972-07-11', 2, '17120d02-6ab5-3e43-18cb-66948daf6128', NULL, '7778020417', '1995-10-31', 'Hòa Bình', '33 Hoàng Cầu - Nam Từ Liêm - Hà Nội', '0333033311', NULL, 'bossbiet0655@outlook.com.vn', '7432119613', 'Ngân hàng Techcombank', 'Khuất Duy Tiến - Cầu Giấy - Hà Nội', '2020-03-09 03:08:22', 'Nguyễn Văn Anh ', '2022-04-22 23:22:16', 'Triệu Văn Thọ '),
('1c98cac7-2784-73af-43c2-579daad24557', 'NV-0047', 'Phan Thị An', 0, 0, NULL, 2, '768f8e64-7d10-20c9-967d-e8c757976496', 'Giám đốc', '1751162137', NULL, 'Nghệ An', NULL, NULL, '0262746180', NULL, '7464326815', NULL, 'Nguyễn Trãi - Hà Đông - Hà Nội', NULL, NULL, '2022-11-30 10:38:59', 'Phan Nam Lương '),
('1ca4f185-7203-2a84-40c2-579daad24557', 'NV-0141', 'Triệu Tiến Nam', 0, 1, NULL, 0, '768f8e64-7d10-20c9-967d-e8c757976496', NULL, '9664851246', NULL, 'TP HCM', NULL, NULL, '0986179203', NULL, '5926601485', NULL, 'Khuất Duy Tiến - Hoàn Kiếm - Hà Nội', NULL, NULL, '2023-04-12 11:04:28', 'Nguyễn  Lan\r\nPhượng'),
('1d05a704-5376-15ba-1477-d9ebc53aac3d', 'NV-0211', 'Hoàng Như An', 0, 0, '1976-08-29', 1, '142cb08f-7c31-21fa-8e90-67245e8b283e', 'Trưởng bộ phận', '7368504077', '2015-06-10', 'Thái Bình', '46 Hoàng Cầu - Ba Đình - Hà Nội', '0984756140', '0226567225', 'letgo7596@yahoo.com.vn', '7727064481', 'Ngân hàng Đông Á', 'Nguyễn Trãi - Nam Từ Liêm - Hà Nội', '2013-07-19 16:14:46', 'Phạm Tiến Huy ', '2023-08-19 03:27:41', 'Nguyễn Tiến Giang '),
('1d21993b-3612-2485-1035-60b3ebf808a9', 'NV-0361', 'Phan Thị Hiền', 0, 0, NULL, 2, '469b3ece-744a-45d5-957d-e8c757976496', 'Trưởng chi nhánh', '0277457350', NULL, 'Kiên Giang', NULL, NULL, NULL, NULL, '6826432265', NULL, 'Khuất Duy Tiến - Cầu Giấy - Hà Nội', NULL, NULL, '2022-04-11 13:53:43', 'Lục Văn Thiềm '),
('1dc115ba-6479-33a7-44c2-579daad24557', 'NV-0199', 'Lã An Hoa', 0, 0, '1970-01-22', 2, '469b3ece-744a-45d5-957d-e8c757976496', 'Trưởng bộ phận', '2811719500', '1990-01-22', NULL, 'Ngõ 46/93/37 Hoàng Cầu - Nam Từ Liêm - Hà Nội', '0262118696', NULL, 'tienlen4929@gmail.com.vn', '1428077564', ' Ngân hàng Sacombank', 'Hoàng Cầu - Nam Từ Liêm - Hà Nội', '2018-08-05 11:52:54', 'Phan Nam Tùng ', '2022-09-21 03:40:46', 'Phan An Hoàng '),
('1e0613d9-772c-28c1-9541-c1ec321fe728', 'NV-0399', 'Nguyễn Nhật Long', 0, 1, '1988-10-31', 0, '142cb08f-7c31-21fa-8e90-67245e8b283e', NULL, '6707643905', '1991-01-04', 'TP HCM', 'Ngõ 71/84/13 Nguyễn Trãi - Hoàn Kiếm - Hà Nội', '0226999708', '0987704298', 'papa2317@gmail.com', '4275521568', 'Ngân hàng Vietcombank', 'Dương Đình Nghệ - Hoàng Mai - Hà Nội', '2014-02-23 01:30:05', 'Phạm Văn Hải ', '2021-01-01 00:01:25', 'Lã Nam Long '),
('1e5ce342-2eec-79a4-5380-7ed9d1ea06ea', 'NV-0310', 'Lục An Linh', 1, 0, '1972-06-15', 2, '4577565a-7e3e-493a-74dd-867949feb8b5', NULL, '9421887459', '1992-06-15', 'Hà Nội', '516 Nguyễn Trãi - Hai Bà Trưng - Hà Nội', '0262476952', '0333971837', 'yunpa4913@gmail.com.vn', '3512293310', 'Ngân hàng Á Châu', 'Dương Đình Nghệ - Cầu Giấy - Hà Nội', '2017-09-21 16:16:09', 'Lã Tuấn Tùng ', '2021-03-31 00:32:08', 'Triệu Nhật Long '),
('1e5e96fa-5d7a-599d-27c2-579daad24557', 'NV-0393', 'Lương Nam Phúc', 0, 0, NULL, 0, '768f8e64-7d10-20c9-967d-e8c757976496', NULL, '1405648859', NULL, 'Thái Bình', 'Ngõ 55/17/55 Dương Đình Nghệ - Hoàn Kiếm - Hà Nội', '0226748833', '0226784165', 'namxiao3086@outlook.com.vn', '5136552663', ' Ngân hàng Sacombank', 'Khuất Duy Tiến - Hai Bà Trưng - Hà Nội', '2018-04-14 16:06:50', 'Lưu Nam Thọ ', '2021-01-01 00:08:53', 'Phan Nhật Thiếu '),
('1f85f165-3ed3-370a-b7d2-89b22d10517e', 'NV-0240', 'Lã Lan Hiền', 0, 0, '2000-08-18', 1, '4e272fc4-7875-78d6-7d32-6a1673ffca7c', 'Trưởng bộ phận', '1158392309', '1998-06-09', 'Nghệ An', '32 Khuất Duy Tiến - Cầu Giấy - Hà Nội', '0333569346', '0988498387', 'papa9411@outlook.com', '4031261873', 'Ngân hàng Á Châu', 'Khuất Duy Tiến - Nam Từ Liêm - Hà Nội', '2013-01-01 00:14:28', 'Phan Tiến Gia ', '2022-12-26 18:02:13', 'Hoàng  Mai\r\nMy'),
('1f88699a-3e19-718a-d81d-086412a8ea97', 'NV-0125', 'Phạm Nhật Thọ', 0, 1, '1994-05-20', 0, '4e272fc4-7875-78d6-7d32-6a1673ffca7c', 'Nhân viên', '7919877994', '2006-07-01', 'Hà Tĩnh', 'Ngõ 59/75/75 Hoàng Cầu - Hai Bà Trưng - Hà Nội', '0984233111', '0333846842', 'xiao7351@gmail.com', '3515080021', 'Ngân hàng Vietcombank', 'Khuất Duy Tiến - Nam Từ Liêm - Hà Nội', '2020-10-10 08:51:52', 'Hoàng Nhật Hải ', '2023-04-05 03:14:12', 'Vũ Tiến Hoàng '),
('1fbf8e6f-17d3-6a04-2180-de64d090a2c2', 'NV-0311', 'Nguyễn Nam Phúc', 1, 0, NULL, 0, '4e272fc4-7875-78d6-7d32-6a1673ffca7c', 'Phó giám đốc', '3229236183', NULL, 'Hà Nội', NULL, NULL, '0984448040', NULL, '1769686730', NULL, 'Nguyễn Trãi - Thanh Xuân - Hà Nội', '2013-01-01 00:00:41', 'Phan Nhật Hoàng ', '2023-05-19 22:59:01', 'Triệu Bình Thiếu '),
('1fecd07f-2488-638c-8141-c1ec321fe728', 'NV-0302', 'Vũ Văn Hoàn', 0, 0, '1994-11-24', 0, '4e272fc4-7875-78d6-7d32-6a1673ffca7c', 'Chuyên viên', '2606183449', '2006-02-08', NULL, '93 Đinh Tiên Hoàng - Ba Đình - Hà Nội', '0333656971', NULL, 'letco5782@outlook.com', '6877392261', ' Ngân hàng Sacombank', 'Khuất Duy Tiến - Bắc Từ Liêm - Hà Nội', '2019-06-04 01:37:09', 'Lục  Mai\r\nXuân', '2021-04-02 23:32:27', 'Lương Nhật Kiệt '),
('201b9639-5997-303c-5880-7ed9d1ea06ea', 'NV-0308', 'Lục Tiến Thành', 0, 0, '1991-11-10', 0, '4577565a-7e3e-493a-74dd-867949feb8b5', NULL, '1016215854', '2020-06-09', NULL, '88 Khuất Duy Tiến - Ba Đình - Hà Nội', '0226111049', '0987273664', 'xiao5304@yahoo.com', '1654320779', 'Ngân hàng Techcombank', NULL, '2018-03-21 08:31:36', 'Đào Tiến Nam ', NULL, NULL),
('2107e2a5-49f8-237b-5780-7ed9d1ea06ea', 'NV-0012', 'Vũ Như Ngân', 0, 0, NULL, 1, '768f8e64-7d10-20c9-967d-e8c757976496', NULL, '5594839744', NULL, 'Thái Bình', NULL, NULL, NULL, NULL, '9426762707', NULL, 'Hoàng Cầu - Ba Đình - Hà Nội', NULL, NULL, '2022-08-10 11:39:25', 'Phạm Nhật Thọ '),
('2111e63d-50f8-6b2b-6980-7ed9d1ea06ea', 'NV-0235', 'Lã An Thọ', 0, 0, NULL, 2, '768f8e64-7d10-20c9-967d-e8c757976496', NULL, '9035716977', NULL, NULL, NULL, NULL, '0984083065', NULL, '4793721846', NULL, 'Hoàng Cầu - Nam Từ Liêm - Hà Nội', '2018-09-19 17:53:52', 'Lưu Nam Long ', '2022-10-15 23:13:44', 'Lưu Bình Kiệt '),
('212a5f62-4eb8-203c-4035-0028ed526dd0', 'NV-0087', 'Nguyễn An Ngân', 0, 0, '1980-10-30', 2, '11452b0c-768e-5ff7-0d63-eeb1d8ed8cef', NULL, '2484370444', '2020-01-10', 'Hòa Bình', '446 Hoàng Cầu - Hà Đông - Hà Nội', '0987469444', NULL, 'letco7975@outlook.com.vn', '7133785825', 'Ngân hàng Á Châu', 'Khuất Duy Tiến - Bắc Từ Liêm - Hà Nội', '2018-09-12 04:22:41', 'Đào Nhật Phúc ', '2021-06-21 17:22:03', 'Lã  Lan\r\nBích'),
('214977d8-66ff-5762-1335-60b3ebf808a9', 'NV-0305', 'Lục Văn Phúc', 0, 0, NULL, 0, '469b3ece-744a-45d5-957d-e8c757976496', NULL, '1644487939', NULL, 'Hòa Bình', NULL, NULL, NULL, NULL, '4465351334', NULL, 'Phạm Hồng Thái - Hoàn Kiếm - Hà Nội', NULL, NULL, '2023-07-21 11:59:37', 'Triệu Nam Lộc '),
('21ae5078-5e68-3790-6af6-423b4e874d0f', 'NV-0189', 'Phan Mai Hòa', 0, 1, '2000-07-16', 2, '768f8e64-7d10-20c9-967d-e8c757976496', NULL, '1354219150', '2004-12-13', 'Hà Tĩnh', '71 Hoàng Cầu - Cầu Giấy - Hà Nội', '0333473002', '0986905381', 'bossbiet4439@gmail.com.vn', '7534909392', 'Ngân hàng Viettinbank', 'Đinh Tiên Hoàng - Ba Đình - Hà Nội', '2018-11-22 23:09:23', 'Nguyễn Nhật Lương ', '2022-12-19 00:15:09', 'Lưu Nhật Hoàng '),
('22732821-2015-1da3-4335-0028ed526dd0', 'NV-0131', 'Nguyễn An Dương', 0, 0, '1970-08-08', 2, '469b3ece-744a-45d5-957d-e8c757976496', NULL, '4666122742', '1993-05-03', 'Kiên Giang', 'Ngõ 38/67/85 Đinh Tiên Hoàng - Hà Đông - Hà Nội', '0984557011', '0226568092', 'auhyun6565@outlook.com.vn', '0024065182', ' Ngân hàng Sacombank', NULL, '2013-01-01 01:40:32', 'Nguyễn Bình Hoàng ', NULL, NULL),
('22bba567-6206-6bf1-0c35-60b3ebf808a9', 'NV-0180', 'Vũ Văn Lương', 0, 0, '1981-12-11', 0, '4577565a-7e3e-493a-74dd-867949feb8b5', 'Giám đốc', '1556545001', '2005-09-23', 'Hải Phòng', '57 Hoàng Cầu - Hai Bà Trưng - Hà Nội', '0333989750', NULL, 'xuhyun6899@gmail.com.vn', '9904191085', 'Ngân hàng Techcombank', 'Dương Đình Nghệ - Hà Đông - Hà Nội', '2018-06-02 09:41:55', 'Phan  Thị\r\nChinh', '2021-05-20 15:00:41', 'Hoàng Tuấn Dương '),
('22cb30ef-3311-51f7-e21d-086412a8ea97', 'NV-0387', 'Vũ An Hòa', 0, 0, '1991-07-22', 2, '142cb08f-7c31-21fa-8e90-67245e8b283e', 'Trưởng phòng', '9554966547', '2015-10-16', NULL, '169 Phạm Hồng Thái - Hoàn Kiếm - Hà Nội', '0226736207', NULL, 'auhyun8538@outlook.com', '1133931834', 'Ngân hàng Quân Đội', 'Khuất Duy Tiến - Cầu Giấy - Hà Nội', '2013-01-01 00:01:52', 'Lưu Bình Hoàn ', '2022-09-27 05:58:30', 'Phan Tiến Hoàn '),
('22df58b0-55d2-6108-2480-de64d090a2c2', 'NV-0252', 'Vũ An Huy', 0, 0, NULL, 2, '17120d02-6ab5-3e43-18cb-66948daf6128', NULL, '5933077613', NULL, 'Nghệ An', 'Ngõ 26/19/28 Khuất Duy Tiến - Nam Từ Liêm - Hà Nội', '0984345865', NULL, 'xiao1990@outlook.com.vn', '2984077061', 'Ngân hàng Techcombank', 'Dương Đình Nghệ - Hai Bà Trưng - Hà Nội', '2018-06-25 07:53:21', 'Triệu Tuấn Gia ', '2022-04-24 20:16:23', 'Hoàng Nhật Hoàn '),
('22f0091b-523a-6c8e-4c35-0028ed526dd0', 'NV-0254', 'Lục Ngọc Diễm', 0, 0, NULL, 1, '4577565a-7e3e-493a-74dd-867949feb8b5', 'Trưởng bộ phận', '6468104566', NULL, NULL, NULL, NULL, '0986118353', NULL, '6267457830', NULL, 'Nguyễn Trãi - Thanh Xuân - Hà Nội', NULL, NULL, '2021-01-01 00:00:32', 'Hoàng Nhật Đức '),
('231ea7f8-1468-6e29-5235-0028ed526dd0', 'NV-0093', 'Phạm Nam Anh', 0, 1, '1971-01-07', 0, '768f8e64-7d10-20c9-967d-e8c757976496', NULL, '6143745288', '1991-01-07', 'TP HCM', '776 Đinh Tiên Hoàng - Hoàn Kiếm - Hà Nội', '0988006818', '0986487417', 'letgo3954@outlook.com.vn', '5335988163', 'Ngân hàng Quân Đội', 'Đinh Tiên Hoàng - Cầu Giấy - Hà Nội', '2014-06-05 06:39:25', 'Triệu Tuấn Hoàn ', '2023-01-29 00:14:03', 'Vũ Nam Kiệt '),
('233d36ab-4bd0-431e-78f6-423b4e874d0f', 'NV-0169', 'Phạm An Kiệt', 0, 1, NULL, 2, '4577565a-7e3e-493a-74dd-867949feb8b5', NULL, '6131897273', NULL, 'Hà Tĩnh', NULL, NULL, '0987702438', NULL, '2902828195', NULL, 'Nguyễn Trãi - Bắc Từ Liêm - Hà Nội', '2013-01-01 00:58:21', 'Nguyễn Tiến Anh ', '2023-08-02 00:50:52', 'Phạm  Mai\r\nNgân'),
('234865cb-5d80-7244-70f6-423b4e874d0f', 'NV-0031', 'Nguyễn Tiến Lộc', 0, 0, '1977-12-30', 0, '4e272fc4-7875-78d6-7d32-6a1673ffca7c', 'Trưởng bộ phận', '9669039810', '2013-02-03', 'Thái Bình', 'Ngõ 63/87/56 Dương Đình Nghệ - Hoàn Kiếm - Hà Nội', '0333803421', '0986117549', 'authen2203@outlook.com.vn', '3905285312', ' Ngân hàng Sacombank', 'Khuất Duy Tiến - Hai Bà Trưng - Hà Nội', '2013-01-01 00:05:27', 'Nguyễn Văn Tùng ', '2021-01-01 00:33:05', 'Phan Nam Thiếu '),
('2356a2d8-7751-6f97-66f6-423b4e874d0f', 'NV-0322', 'Lục An Ngân', 0, 0, '1971-03-31', 2, '4577565a-7e3e-493a-74dd-867949feb8b5', 'Trưởng bộ phận', '2852360928', '1990-07-13', 'Nghệ An', 'Ngõ 57/36 Hoàng Cầu - Hà Đông - Hà Nội', '0988739913', NULL, 'tienlen6703@outlook.com.vn', '3822517694', 'Ngân hàng Viettinbank', 'Khuất Duy Tiến - Hà Đông - Hà Nội', '2013-04-11 16:02:11', 'Lã  Mai\r\nHòa', '2021-01-01 02:03:38', 'Phạm Nhật Phúc '),
('237092c3-5684-7bb6-0a35-60b3ebf808a9', 'NV-0088', 'Lương Thị Linh', 0, 0, NULL, 2, '4e272fc4-7875-78d6-7d32-6a1673ffca7c', 'Trưởng chi nhánh', '0781089242', NULL, NULL, NULL, NULL, '0333065340', NULL, '6162312485', NULL, 'Hoàng Cầu - Ba Đình - Hà Nội', '2019-02-18 06:12:02', 'Lục Bình Thiềm ', '2022-07-17 14:46:38', 'Hoàng Tuấn Thiếu '),
('244b1b16-56fc-1f92-73f6-423b4e874d0f', 'NV-0114', 'Lã Tiến Thọ', 0, 0, '1981-09-24', 0, '4577565a-7e3e-493a-74dd-867949feb8b5', 'Phó giám đốc', '1414342019', '2010-06-17', NULL, '778 Dương Đình Nghệ - Thanh Xuân - Hà Nội', '0226911013', NULL, 'namxiao4583@yahoo.com.vn', '9228039037', 'Ngân hàng Vietcombank', 'Khuất Duy Tiến - Nam Từ Liêm - Hà Nội', '2013-01-01 00:00:05', 'Triệu Bình Đức ', '2021-01-01 01:46:50', 'Lưu An Kiệt '),
('255b28ba-2177-6baf-0835-60b3ebf808a9', 'NV-0213', 'Đào Như Yên', 0, 0, NULL, 1, '11452b0c-768e-5ff7-0d63-eeb1d8ed8cef', 'Nhân viên', '3620241736', NULL, NULL, '61 Phạm Hồng Thái - Hai Bà Trưng - Hà Nội', '0262855177', NULL, 'hyunhyun9664@yahoo.com.vn', '3826474650', 'Ngân hàng Đông Á', 'Đinh Tiên Hoàng - Bắc Từ Liêm - Hà Nội', '2020-01-26 00:46:37', 'Phan Tiến Anh ', '2023-08-06 11:13:36', 'Nguyễn Bình Long '),
('256c7bfd-6225-4caa-3077-d9ebc53aac3d', 'NV-0363', 'Lưu Nam Dương', 0, 0, '1970-08-23', 0, '11452b0c-768e-5ff7-0d63-eeb1d8ed8cef', NULL, '3678577085', '1990-08-23', NULL, 'Ngõ 11/51 Khuất Duy Tiến - Thanh Xuân - Hà Nội', '0984075614', NULL, 'xiao2612@outlook.com', '2700319246', 'Ngân hàng Á Châu', 'Dương Đình Nghệ - Thanh Xuân - Hà Nội', '2013-01-01 02:06:23', 'Lục Tuấn Dũng ', '2021-07-21 08:51:29', 'Triệu  Lan\r\nHiền'),
('257f267d-1259-4c3b-2e80-de64d090a2c2', 'NV-0026', 'Phan Mai Ánh', 0, 0, '2002-11-04', 2, '17120d02-6ab5-3e43-18cb-66948daf6128', 'Phó giám đốc', '9150411391', '1991-11-03', 'Hòa Bình', 'Ngõ 91/18 Hoàng Cầu - Thanh Xuân - Hà Nội', '0333280747', NULL, 'xuhyun2493@outlook.com.vn', '7900691924', 'Ngân hàng Đông Á', 'Khuất Duy Tiến - Hoàn Kiếm - Hà Nội', '2014-11-18 22:46:57', 'Lương Tuấn Đức ', '2021-07-18 17:27:25', 'Lã Nam Hải '),
('265f0d16-8423-4cce-beb8-b780aa035ac3', 'NV-0401', 'Nguyen Them', NULL, NULL, NULL, 0, '11452b0c-768e-5ff7-0d63-eeb1d8ed8cef', NULL, NULL, NULL, NULL, NULL, NULL, NULL, NULL, NULL, NULL, NULL, '2024-01-24 00:40:31', 'admin', '2024-01-24 00:40:31', 'admin'),
('26942456-25a8-5ec2-8b41-c1ec321fe728', 'NV-0260', 'Triệu Văn Long', 0, 0, NULL, 0, '142cb08f-7c31-21fa-8e90-67245e8b283e', NULL, '8950927050', NULL, NULL, 'Ngõ 38/77/46 Khuất Duy Tiến - Ba Đình - Hà Nội', '0262958355', NULL, 'authen1831@yahoo.com.vn', '8254530176', 'Ngân hàng Quân Đội', 'Dương Đình Nghệ - Hoàn Kiếm - Hà Nội', '2015-09-30 12:32:59', 'Lã Nhật Sơn ', '2022-06-05 12:22:45', 'Lương  Như\r\nAn'),
('27318165-703a-31a0-3277-d9ebc53aac3d', 'NV-0364', 'Vũ Ngọc Loan', 0, 0, '1970-02-26', 1, '4e272fc4-7875-78d6-7d32-6a1673ffca7c', 'Giám đốc', '5766421002', '1990-02-26', NULL, 'Ngõ 48/42 Dương Đình Nghệ - Nam Từ Liêm - Hà Nội', '0226302928', NULL, 'yunpa0119@outlook.com.vn', '0209695025', 'Ngân hàng Viettinbank', 'Nguyễn Trãi - Hai Bà Trưng - Hà Nội', NULL, NULL, '2021-01-01 02:02:20', 'Hoàng Nam Thiếu '),
('27e60da2-385e-6804-8441-c1ec321fe728', 'NV-0202', 'Lưu Nhật Hải', 0, 0, '2003-09-21', 0, '11452b0c-768e-5ff7-0d63-eeb1d8ed8cef', 'Trưởng chi nhánh', '1046828524', '1992-11-12', NULL, 'Ngõ 33/86/63 Phạm Hồng Thái - Hoàng Mai - Hà Nội', '0984483352', NULL, 'namxiao1487@outlook.com.vn', '6065661049', 'Ngân hàng Đông Á', 'Phạm Hồng Thái - Hoàng Mai - Hà Nội', '2013-01-01 00:15:45', 'Đào Tiến Giang ', '2021-01-01 00:00:03', 'Triệu  Như\r\nPhượng'),
('281af570-5697-2b8d-6b80-7ed9d1ea06ea', 'NV-0162', 'Lã Tuấn Lộc', 0, 0, NULL, 0, '4577565a-7e3e-493a-74dd-867949feb8b5', 'Chuyên viên', '2337397097', NULL, NULL, NULL, '0987195517', NULL, NULL, '7576371905', NULL, 'Nguyễn Trãi - Hoàn Kiếm - Hà Nội', '2014-04-07 23:46:59', 'Phan  Thùy\r\nAnh', '2021-01-01 02:11:39', 'Triệu Tuấn Hải '),
('285d6b44-3b0c-4697-e01d-086412a8ea97', 'NV-0280', 'Vũ Mai Chinh', 1, 0, '1971-04-17', 2, '142cb08f-7c31-21fa-8e90-67245e8b283e', NULL, '9875019434', '2006-10-30', 'Nam Định', '568 Dương Đình Nghệ - Hà Đông - Hà Nội', '0262085388', NULL, 'letgo4871@yahoo.com.vn', '8787615248', 'Ngân hàng Đông Á', 'Hoàng Cầu - Hoàng Mai - Hà Nội', '2013-01-01 00:13:25', 'Lục Nhật Hải ', '2023-10-10 11:09:59', 'Đào  Thị\r\nVy'),
('28692b18-2ec1-574b-6780-7ed9d1ea06ea', 'NV-0065', 'Lục Mai Vy', 0, 0, '1992-02-18', 2, '4577565a-7e3e-493a-74dd-867949feb8b5', NULL, '2330919465', '1995-02-05', 'Hòa Bình', '137 Khuất Duy Tiến - Thanh Xuân - Hà Nội', '0987557862', NULL, 'xuhyun9546@yahoo.com.vn', '8295324889', 'Ngân hàng Vietcombank', NULL, '2013-01-01 00:00:58', 'Hoàng An Thọ ', NULL, NULL),
('2872c174-68d3-29c1-4935-0028ed526dd0', 'NV-0380', 'Đào Thùy Phương', 0, 0, '1976-06-24', 1, '142cb08f-7c31-21fa-8e90-67245e8b283e', 'Trưởng chi nhánh', '9896836552', '1990-03-09', NULL, '789 Khuất Duy Tiến - Ba Đình - Hà Nội', '0988226582', NULL, 'namxiao1337@yahoo.com.vn', '4811070091', 'Ngân hàng Viettinbank', 'Nguyễn Trãi - Ba Đình - Hà Nội', '2019-06-26 17:36:54', 'Lưu Văn Sơn ', '2021-10-20 15:31:39', 'Vũ Bình Lộc '),
('28a16581-1fd1-546b-1677-d9ebc53aac3d', 'NV-0176', 'Đào Mai Hòa', 0, 1, '2000-03-20', 2, '4e272fc4-7875-78d6-7d32-6a1673ffca7c', 'Trưởng bộ phận', '3348465477', '1999-12-27', 'TP HCM', 'Ngõ 85/98 Khuất Duy Tiến - Hai Bà Trưng - Hà Nội', '0984770922', NULL, 'xiao7412@gmail.com.vn', '1717704194', 'Ngân hàng Á Châu', 'Hoàng Cầu - Nam Từ Liêm - Hà Nội', '2019-08-21 08:33:08', 'Phạm Văn Gia ', '2022-09-27 17:24:48', 'Lưu Nam Lương '),
('28cd1599-63bf-785f-4f80-7ed9d1ea06ea', 'NV-0261', 'Lương Thùy My', 0, 0, '2002-06-27', 1, '768f8e64-7d10-20c9-967d-e8c757976496', NULL, '4332535066', '2006-11-22', 'Sơn La', '55 Đinh Tiên Hoàng - Hoàng Mai - Hà Nội', '0226438275', NULL, 'xuhyun9225@outlook.com', '4868548708', 'Ngân hàng Á Châu', 'Khuất Duy Tiến - Nam Từ Liêm - Hà Nội', '2015-07-23 23:03:42', 'Đào Tuấn Huy ', '2022-08-16 18:27:28', 'Vũ An Lộc '),
('29dcec4b-6bba-5878-1735-60b3ebf808a9', 'NV-0362', 'Lã Lan Linh', 0, 0, '1978-08-01', 1, '768f8e64-7d10-20c9-967d-e8c757976496', NULL, '6520342964', '2019-02-12', 'Nghệ An', 'Ngõ 17/21 Nguyễn Trãi - Ba Đình - Hà Nội', '0986954825', NULL, 'tienlen4659@gmail.com.vn', '6881955728', 'Ngân hàng Techcombank', 'Đinh Tiên Hoàng - Nam Từ Liêm - Hà Nội', '2013-01-01 02:13:47', 'Lưu Bình Thiềm ', '2022-07-06 00:57:21', 'Lục Nhật Sơn '),
('2afb2146-430d-394b-3d35-0028ed526dd0', 'NV-0139', 'Phan An Tùng', 0, 1, '1992-02-18', 2, '17120d02-6ab5-3e43-18cb-66948daf6128', 'Nhân viên', '7308666765', '1998-12-04', 'Hà Nam', 'Ngõ 91/47 Hoàng Cầu - Hai Bà Trưng - Hà Nội', '0262173737', '0988796136', 'authen5766@outlook.com.vn', '7342154910', 'Ngân hàng Đông Á', 'Phạm Hồng Thái - Nam Từ Liêm - Hà Nội', '2013-01-01 00:01:02', 'Triệu Văn Sơn ', '2022-11-20 18:44:22', 'Triệu Nam Nam '),
('2bd27090-2727-2b8e-2f80-de64d090a2c2', 'NV-0152', 'Vũ Thị My', 0, 0, NULL, 2, '768f8e64-7d10-20c9-967d-e8c757976496', NULL, '7271313861', NULL, 'Thái Bình', '126 Dương Đình Nghệ - Hoàn Kiếm - Hà Nội', '0984473450', '0984716588', 'xuhyun5821@gmail.com', '6654987200', 'Ngân hàng Á Châu', 'Nguyễn Trãi - Hai Bà Trưng - Hà Nội', '2013-01-01 00:01:25', 'Phạm Nhật Kiệt ', '2023-10-02 17:39:44', 'Hoàng An Phúc '),
('2bd927cf-7faf-452e-4535-0028ed526dd0', 'NV-0155', 'Lưu Tiến Đức', 0, 1, NULL, 0, '11452b0c-768e-5ff7-0d63-eeb1d8ed8cef', 'Trưởng chi nhánh', '2054082467', NULL, 'Hà Tĩnh', NULL, NULL, '0333479369', NULL, '3313063666', NULL, 'Hoàng Cầu - Hoàn Kiếm - Hà Nội', NULL, NULL, '2022-04-29 01:15:36', 'Nguyễn Nhật Lương '),
('2c06d3cb-7ef7-4462-5e80-7ed9d1ea06ea', 'NV-0324', 'Hoàng Mai Huyền', 0, 0, NULL, 2, '768f8e64-7d10-20c9-967d-e8c757976496', 'Giám đốc', '7935387529', NULL, NULL, NULL, NULL, '0984449904', NULL, '6138248701', NULL, 'Dương Đình Nghệ - Nam Từ Liêm - Hà Nội', '2020-04-28 07:47:05', 'Hoàng Nhật Giang ', '2021-10-02 12:28:21', 'Lã Nam Hoàng '),
('2c14d4bf-4fdf-22d0-cbd2-89b22d10517e', 'NV-0075', 'Lã Văn Tùng', 0, 0, '1987-06-27', 0, '4577565a-7e3e-493a-74dd-867949feb8b5', 'Chuyên viên', '5948851372', '2011-12-20', NULL, 'Ngõ 78/55/34 Dương Đình Nghệ - Thanh Xuân - Hà Nội', '0984946679', NULL, 'xiao5352@gmail.com.vn', '4902273461', ' Ngân hàng Sacombank', 'Nguyễn Trãi - Thanh Xuân - Hà Nội', '2013-01-01 00:13:48', 'Nguyễn Bình Huy ', '2021-06-29 07:04:44', 'Đào Tuấn Tùng '),
('2c380a42-1611-28c2-3ac2-579daad24557', 'NV-0116', 'Lương Thùy Phương', 0, 0, '1970-01-02', 1, '4e272fc4-7875-78d6-7d32-6a1673ffca7c', 'Chuyên viên', '7632156751', '1990-01-02', 'Sơn La', '666 Khuất Duy Tiến - Hà Đông - Hà Nội', '0987282616', '0986687758', 'papa2358@yahoo.com.vn', '5023194552', 'Ngân hàng Vietcombank', 'Phạm Hồng Thái - Hà Đông - Hà Nội', '2013-01-01 00:06:12', 'Triệu Bình Thiếu ', '2022-03-11 05:05:37', 'Vũ Tuấn Nam '),
('2d3ae261-2b44-7713-41c2-579daad24557', 'NV-0328', 'Hoàng Mai Bích', 0, 0, '1992-12-09', 2, '11452b0c-768e-5ff7-0d63-eeb1d8ed8cef', 'Trưởng phòng', '4853301455', '2007-06-21', 'Hòa Bình', 'Ngõ 54/68 Đinh Tiên Hoàng - Cầu Giấy - Hà Nội', '0984514889', '0226991756', 'hyunhyun1290@outlook.com', '8210988613', 'Ngân hàng Viettinbank', 'Phạm Hồng Thái - Hai Bà Trưng - Hà Nội', '2016-07-23 10:16:18', 'Lục Bình Tùng ', '2021-11-26 01:12:07', 'Đào Tiến Giang '),
('2dd6b3a0-2350-1230-1835-60b3ebf808a9', 'NV-0197', 'Lương Tuấn Long', 0, 0, NULL, 0, '17120d02-6ab5-3e43-18cb-66948daf6128', 'Nhân viên', '0957445975', NULL, NULL, NULL, NULL, NULL, NULL, '2465734170', NULL, NULL, NULL, NULL, NULL, NULL),
('2ee950fb-4256-49aa-e41d-086412a8ea97', 'NV-0014', 'Lục Như Chinh', 0, 0, '1979-08-02', 1, '469b3ece-744a-45d5-957d-e8c757976496', 'Phó giám đốc', '2182945478', '1999-08-02', NULL, '596 Dương Đình Nghệ - Thanh Xuân - Hà Nội', '0987252979', NULL, 'hyunhyun9203@yahoo.com.vn', '5555374818', 'Ngân hàng Viettinbank', 'Dương Đình Nghệ - Hoàng Mai - Hà Nội', '2019-01-19 08:32:44', 'Vũ An Nam ', '2021-12-30 06:31:44', 'Phan  Mai\r\nÁnh'),
('2efc0ff3-37c0-286f-bbd2-89b22d10517e', 'NV-0042', 'Đào An Đức', 0, 1, '1987-03-08', 2, '4e272fc4-7875-78d6-7d32-6a1673ffca7c', 'Trưởng bộ phận', '1564308550', '2000-07-23', 'Hà Tĩnh', 'Ngõ 68/46 Phạm Hồng Thái - Cầu Giấy - Hà Nội', '0333342512', '0333448502', 'auhyun7183@gmail.com', '3658246428', 'Ngân hàng Vietcombank', 'Phạm Hồng Thái - Nam Từ Liêm - Hà Nội', '2013-01-01 00:00:12', 'Hoàng Văn Long ', '2021-08-11 22:53:02', 'Phan Bình Giang '),
('2f25e35e-15fb-71e4-4e35-0028ed526dd0', 'NV-0249', 'Lục An Yên', 0, 0, NULL, 2, '768f8e64-7d10-20c9-967d-e8c757976496', NULL, '9976012016', NULL, 'Nghệ An', '38 Khuất Duy Tiến - Bắc Từ Liêm - Hà Nội', '0333855132', '0262737036', 'auhyun7762@yahoo.com.vn', '1450581188', 'Ngân hàng Viettinbank', 'Khuất Duy Tiến - Ba Đình - Hà Nội', '2015-01-11 09:33:20', 'Lã  Lan\r\nLoan', '2022-12-18 22:43:29', 'Lưu Tiến Sơn '),
('2f43fc9d-1f7a-25fc-5280-7ed9d1ea06ea', 'NV-0129', 'Đào An Thành', 0, 0, '1970-01-07', 2, '142cb08f-7c31-21fa-8e90-67245e8b283e', 'Giám đốc', '9479688942', '1990-01-07', NULL, '94 Khuất Duy Tiến - Thanh Xuân - Hà Nội', '0333811812', '0988844969', 'bossbiet4447@yahoo.com.vn', '9476851693', 'Ngân hàng Quân Đội', 'Dương Đình Nghệ - Hoàn Kiếm - Hà Nội', '2015-09-18 05:11:15', 'Lương Bình Tùng ', '2021-01-01 02:04:26', 'Triệu Nhật Lộc '),
('2f4cc91d-6f13-4b4c-1c80-de64d090a2c2', 'NV-0226', 'Hoàng Bình Đức', 0, 0, '1986-12-17', 2, '11452b0c-768e-5ff7-0d63-eeb1d8ed8cef', NULL, '9065231595', '2011-04-17', 'Hải Phòng', 'Ngõ 54/17 Đinh Tiên Hoàng - Cầu Giấy - Hà Nội', '0262807222', NULL, 'trunghyun5703@gmail.com.vn', '0886155189', 'Ngân hàng Á Châu', 'Đinh Tiên Hoàng - Bắc Từ Liêm - Hà Nội', '2017-12-19 02:48:41', 'Lưu Bình Anh ', '2021-01-01 00:01:24', 'Lục Văn Thiếu '),
('2fde0921-432c-64c5-0935-60b3ebf808a9', 'NV-0168', 'Lã An An', 0, 0, '1977-04-23', 2, '17120d02-6ab5-3e43-18cb-66948daf6128', 'Trưởng phòng', '1839396023', '1995-07-03', 'Hòa Bình', '865 Dương Đình Nghệ - Cầu Giấy - Hà Nội', '0986596078', NULL, 'xiao8458@outlook.com', '0405701712', 'Ngân hàng Quân Đội', 'Nguyễn Trãi - Thanh Xuân - Hà Nội', '2016-02-19 07:02:24', 'Triệu Bình Thành ', '2022-08-25 08:27:24', 'Đào Bình Hoàn '),
('3017e692-73fb-6331-6a80-7ed9d1ea06ea', 'NV-0002', 'Nguyễn Tuấn Thành', 0, 1, '1990-10-22', 0, '768f8e64-7d10-20c9-967d-e8c757976496', 'Trưởng bộ phận', '9213683287', '2014-06-06', 'TP HCM', '273 Nguyễn Trãi - Ba Đình - Hà Nội', '0226498179', '0987916526', 'authen4869@yahoo.com', '3466096450', 'Ngân hàng Viettinbank', 'Đinh Tiên Hoàng - Bắc Từ Liêm - Hà Nội', '2013-01-01 00:00:04', 'Phạm Văn Long ', '2022-12-13 22:28:04', 'Lưu Tiến Kiệt '),
('31629133-61f6-7765-1535-60b3ebf808a9', 'NV-0293', 'Lục Bình Dũng', 0, 0, '1991-09-15', 2, '768f8e64-7d10-20c9-967d-e8c757976496', 'Phó giám đốc', '6242231446', '2020-06-27', NULL, '23 Nguyễn Trãi - Bắc Từ Liêm - Hà Nội', '0262972307', '0988516406', 'xiao7950@yahoo.com.vn', '2634087316', 'Ngân hàng Viettinbank', 'Phạm Hồng Thái - Ba Đình - Hà Nội', '2013-01-01 00:00:04', 'Phan Tiến Long ', '2023-08-17 02:57:39', 'Phạm An Kiệt '),
('31ae1818-7baf-1872-1e77-d9ebc53aac3d', 'NV-0258', 'Nguyễn Ngọc Xuân', 0, 0, '1970-01-10', 1, '4577565a-7e3e-493a-74dd-867949feb8b5', NULL, '1119795550', '1990-01-10', 'Nghệ An', '85 Hoàng Cầu - Cầu Giấy - Hà Nội', '0262082248', '0988783051', 'letco1115@yahoo.com.vn', '8372354319', 'Ngân hàng Quân Đội', 'Nguyễn Trãi - Thanh Xuân - Hà Nội', '2019-09-15 20:12:08', 'Vũ Bình Tùng ', '2021-11-12 07:40:52', 'Phan An Long '),
('322105dd-142f-392d-2fc2-579daad24557', 'NV-0283', 'Đào Lan Vy', 0, 0, '1970-02-16', 1, '142cb08f-7c31-21fa-8e90-67245e8b283e', 'Chuyên viên', '4800462723', '1990-02-16', 'Thái Bình', 'Ngõ 96/73 Khuất Duy Tiến - Hà Đông - Hà Nội', '0986309210', '0988626519', 'hyunhyun5572@yahoo.com.vn', '4498696972', 'Ngân hàng Techcombank', 'Khuất Duy Tiến - Ba Đình - Hà Nội', '2015-08-03 06:50:26', 'Đào An Nam ', '2023-07-02 23:30:23', 'Lưu  Mai\r\nAnh'),
('324ac33a-77c5-13a5-0535-60b3ebf808a9', 'NV-0383', 'Lã Bình Tùng', 0, 0, '1972-08-02', 2, '4577565a-7e3e-493a-74dd-867949feb8b5', NULL, '1810775825', '1992-08-02', 'Hòa Bình', '973 Đinh Tiên Hoàng - Ba Đình - Hà Nội', '0984132537', '0984457159', 'auhyun7806@yahoo.com.vn', '7444940750', ' Ngân hàng Sacombank', 'Nguyễn Trãi - Nam Từ Liêm - Hà Nội', '2015-06-24 14:11:16', 'Lưu Tuấn Long ', '2023-04-15 20:16:28', 'Phạm Tiến Phúc '),
('329b5332-34e3-1ae4-6ef6-423b4e874d0f', 'NV-0194', 'Nguyễn Ngọc Phượng', 0, 0, '1984-10-22', 1, '4e272fc4-7875-78d6-7d32-6a1673ffca7c', NULL, '8478100773', '1997-01-20', 'Nghệ An', '82 Đinh Tiên Hoàng - Hoàn Kiếm - Hà Nội', '0226183347', '0987711503', 'authen3273@outlook.com', '7962190823', 'Ngân hàng Vietcombank', 'Đinh Tiên Hoàng - Thanh Xuân - Hà Nội', '2015-08-04 10:26:30', 'Vũ Tiến Lộc ', '2021-11-08 19:12:48', 'Hoàng Bình Nam '),
('32d33559-61a5-4afd-d91d-086412a8ea97', 'NV-0117', 'Triệu Mai Xuân', 0, 0, '1972-11-26', 2, '17120d02-6ab5-3e43-18cb-66948daf6128', NULL, '9794126666', '2013-03-15', NULL, '827 Hoàng Cầu - Cầu Giấy - Hà Nội', '0226205864', '0986207670', 'yunpa8480@yahoo.com', '1972779089', 'Ngân hàng Vietcombank', 'Phạm Hồng Thái - Bắc Từ Liêm - Hà Nội', '2016-12-21 20:43:44', 'Hoàng An Lộc ', '2023-02-13 08:41:54', 'Đào Văn Hoàn '),
('32e3be81-3548-6f8f-6380-7ed9d1ea06ea', 'NV-0233', 'Lục Thùy Linh', 0, 0, '1970-02-10', 1, '17120d02-6ab5-3e43-18cb-66948daf6128', NULL, '7647159043', '1990-02-10', NULL, 'Ngõ 65/28 Khuất Duy Tiến - Thanh Xuân - Hà Nội', '0333291592', '0226587582', 'hyunhyun0719@yahoo.com', '2648320964', 'Ngân hàng Vietcombank', NULL, '2013-06-21 14:53:07', 'Triệu Nam Thọ ', NULL, NULL),
('3304dddb-1b72-607f-25c2-579daad24557', 'NV-0033', 'Phan Nam Thọ', 0, 1, NULL, 0, '4e272fc4-7875-78d6-7d32-6a1673ffca7c', NULL, '5685708272', NULL, 'Hà Tĩnh', NULL, '0984457009', '0988803790', NULL, '9682112831', NULL, 'Hoàng Cầu - Hoàn Kiếm - Hà Nội', '2014-10-27 18:29:46', 'Phan Nam Thọ ', '2022-01-16 18:32:41', 'Lương  Như\r\nChinh'),
('33589ecb-33ac-28c7-9241-c1ec321fe728', 'NV-0198', 'Lã Như Quỳnh', 0, 0, '1972-05-03', 1, '4e272fc4-7875-78d6-7d32-6a1673ffca7c', NULL, '7096095161', '2015-07-24', 'Kiên Giang', 'Ngõ 22/28 Khuất Duy Tiến - Bắc Từ Liêm - Hà Nội', '0333738262', NULL, 'namxiao4525@gmail.com.vn', '0418480327', ' Ngân hàng Sacombank', 'Hoàng Cầu - Bắc Từ Liêm - Hà Nội', '2013-01-01 00:00:06', 'Phan Tiến Huy ', '2021-01-01 00:16:31', 'Vũ Văn Giang '),
('337faf61-662b-461a-69f6-423b4e874d0f', 'NV-0320', 'Đào Ngọc Hoa', 0, 0, '1977-05-02', 1, '11452b0c-768e-5ff7-0d63-eeb1d8ed8cef', 'Giám đốc', '7565727173', '2014-09-18', NULL, '37 Hoàng Cầu - Hà Đông - Hà Nội', '0262733054', '0986768252', 'trunghyun7709@outlook.com.vn', '4899724301', 'Ngân hàng Đông Á', 'Đinh Tiên Hoàng - Hà Đông - Hà Nội', '2018-10-18 21:27:49', 'Vũ Bình Dũng ', '2023-07-22 09:04:49', 'Hoàng Bình Thiềm '),
('33ec4fea-4c03-3191-3ec2-579daad24557', 'NV-0374', 'Phan Nam Huy', 1, 0, '1991-11-23', 0, '4e272fc4-7875-78d6-7d32-6a1673ffca7c', NULL, '8848195016', '2007-10-09', 'Nam Định', '12 Hoàng Cầu - Cầu Giấy - Hà Nội', '0987596061', '0984214149', 'hyunhyun7952@gmail.com.vn', '7063875163', 'Ngân hàng Vietcombank', 'Dương Đình Nghệ - Thanh Xuân - Hà Nội', '2018-08-09 13:24:22', 'Phan Nhật Huy ', '2022-10-29 12:52:37', 'Phan Nhật Thọ '),
('34d0e3b5-6d5f-1fd7-0635-60b3ebf808a9', 'NV-0048', 'Phạm Thị Phượng', 0, 0, '1997-09-11', 2, '4e272fc4-7875-78d6-7d32-6a1673ffca7c', 'Trưởng phòng', '1104994645', '1998-09-15', NULL, '989 Hoàng Cầu - Ba Đình - Hà Nội', '0988335638', '0226961145', 'auhyun2477@outlook.com', '8944632863', ' Ngân hàng Sacombank', 'Đinh Tiên Hoàng - Cầu Giấy - Hà Nội', '2013-01-01 00:00:02', 'Lã Nhật Lương ', '2021-01-01 00:00:51', 'Lã An Phúc '),
('34e55501-2213-19af-6d80-7ed9d1ea06ea', 'NV-0385', 'Phan Bình Thành', 0, 0, '2001-04-22', 2, '768f8e64-7d10-20c9-967d-e8c757976496', 'Phó giám đốc', '8409208664', '1992-12-12', NULL, '31 Nguyễn Trãi - Cầu Giấy - Hà Nội', '0984992310', NULL, 'papa5725@gmail.com.vn', '9713535511', 'Ngân hàng Đông Á', 'Khuất Duy Tiến - Thanh Xuân - Hà Nội', '2013-03-01 18:55:45', 'Lục  Thị\r\nHuyền', '2023-08-19 15:43:57', 'Lưu Văn Nam '),
('350cf027-3245-532d-bcd2-89b22d10517e', 'NV-0352', 'Triệu Nam Đức', 0, 1, NULL, 0, '11452b0c-768e-5ff7-0d63-eeb1d8ed8cef', 'Chuyên viên', '1547886303', NULL, 'TP HCM', NULL, NULL, '0333555696', NULL, '8413916726', NULL, 'Khuất Duy Tiến - Bắc Từ Liêm - Hà Nội', '2013-01-01 00:00:10', 'Vũ An Hoàn ', '2021-09-29 09:22:53', 'Vũ Tuấn Thiềm '),
('3512583a-64ab-33c0-6c80-7ed9d1ea06ea', 'NV-0100', 'Lã Thùy My', 0, 0, '1986-11-02', 1, '4577565a-7e3e-493a-74dd-867949feb8b5', 'Nhân viên', '1018747178', '2006-11-02', NULL, '63 Phạm Hồng Thái - Ba Đình - Hà Nội', '0987067552', NULL, 'auhyun2315@outlook.com', '6755573052', 'Ngân hàng Vietcombank', 'Khuất Duy Tiến - Ba Đình - Hà Nội', '2013-01-01 00:00:49', 'Triệu Nhật Sơn ', '2021-12-30 21:06:48', 'Hoàng Văn Kiệt '),
('3582e86f-1b41-6262-7ef6-423b4e874d0f', 'NV-0255', 'Nguyễn Tuấn Nam', 0, 0, NULL, 0, '4577565a-7e3e-493a-74dd-867949feb8b5', NULL, '8554427722', NULL, 'Thái Bình', 'Ngõ 49/99/42 Hoàng Cầu - Hoàng Mai - Hà Nội', '0333451336', '0986396025', 'trunghyun6324@outlook.com.vn', '6822432342', 'Ngân hàng Đông Á', 'Khuất Duy Tiến - Bắc Từ Liêm - Hà Nội', '2020-01-27 05:59:20', 'Hoàng An Anh ', '2022-07-20 01:57:13', 'Hoàng Tiến Lương '),
('35c3a053-254d-33f3-1b80-de64d090a2c2', 'NV-0037', 'Lưu An Ánh', 0, 0, '1990-06-20', 2, '768f8e64-7d10-20c9-967d-e8c757976496', 'Chuyên viên', '6230845326', '2018-01-25', NULL, '69 Nguyễn Trãi - Cầu Giấy - Hà Nội', '0226057218', NULL, 'xuhyun8247@gmail.com', '4328802623', 'Ngân hàng Vietcombank', 'Khuất Duy Tiến - Thanh Xuân - Hà Nội', '2017-07-09 11:06:36', 'Đào Tuấn Thọ ', '2021-01-01 00:09:09', 'Phan Nam Dương '),
('35ec2e7b-17b3-1b63-6080-7ed9d1ea06ea', 'NV-0134', 'Nguyễn An Dũng', 0, 1, '1993-08-09', 2, '4e272fc4-7875-78d6-7d32-6a1673ffca7c', 'Giám đốc', '8003187009', '2007-09-25', 'Hà Tĩnh', '169 Khuất Duy Tiến - Ba Đình - Hà Nội', '0226407432', '0333583387', 'xuhyun4092@outlook.com.vn', '5626022300', 'Ngân hàng Viettinbank', 'Đinh Tiên Hoàng - Cầu Giấy - Hà Nội', '2017-07-26 16:19:00', 'Nguyễn Nam Hoàng ', '2021-08-16 19:08:22', 'Lương Tiến Huy '),
('360bd1e4-7bbf-3971-d41d-086412a8ea97', 'NV-0035', 'Đào Văn Thiếu', 0, 1, '1987-12-17', 0, '4577565a-7e3e-493a-74dd-867949feb8b5', 'Phó giám đốc', '3828191057', '2014-02-15', 'TP HCM', 'Ngõ 16/54 Hoàng Cầu - Hoàng Mai - Hà Nội', '0988826456', '0226487449', 'letgo7283@yahoo.com', '9747325891', 'Ngân hàng Viettinbank', 'Dương Đình Nghệ - Ba Đình - Hà Nội', '2015-10-19 02:28:13', 'Lã Tiến Dũng ', '2021-01-01 00:01:09', 'Vũ Tuấn Đức '),
('363b67cb-40ae-552d-2b77-d9ebc53aac3d', 'NV-0290', 'Nguyễn Tiến Thiềm', 0, 0, NULL, 0, '11452b0c-768e-5ff7-0d63-eeb1d8ed8cef', NULL, '0100038512', NULL, 'Nghệ An', NULL, NULL, '0984461054', NULL, '1622668709', NULL, NULL, '2013-08-16 10:44:44', 'Triệu Văn Sơn ', NULL, NULL),
('36ac2df8-2b1e-368f-cc1d-086412a8ea97', 'NV-0292', 'Lã An Phương', 0, 1, '1996-11-11', 2, '4e272fc4-7875-78d6-7d32-6a1673ffca7c', NULL, '3278647383', '2016-06-12', 'Hà Tĩnh', 'Ngõ 85/74/74 Phạm Hồng Thái - Cầu Giấy - Hà Nội', '0333686694', NULL, 'namxiao1463@outlook.com.vn', '7397949673', 'Ngân hàng Đông Á', 'Khuất Duy Tiến - Hoàng Mai - Hà Nội', '2019-05-12 11:19:36', 'Lưu Nam Giang ', '2021-01-01 00:04:54', 'Lưu Tuấn Huy '),
('3738ce93-1661-5628-2cc2-579daad24557', 'NV-0163', 'Lương Thị An', 0, 0, '1970-01-12', 2, '4577565a-7e3e-493a-74dd-867949feb8b5', 'Giám đốc', '3576800249', '1990-01-12', NULL, '26 Đinh Tiên Hoàng - Hai Bà Trưng - Hà Nội', '0986951940', '0262502259', 'namxiao5737@gmail.com.vn', '4279489158', 'Ngân hàng Á Châu', 'Nguyễn Trãi - Hoàn Kiếm - Hà Nội', '2019-04-06 02:52:04', 'Lương Văn Thiếu ', '2021-01-01 00:00:44', 'Phan  Như\r\nLinh'),
('373aae71-7e6b-6eff-c6d2-89b22d10517e', 'NV-0056', 'Đào Ngọc Vy', 0, 0, '1991-05-29', 1, '17120d02-6ab5-3e43-18cb-66948daf6128', 'Nhân viên', '5033003753', '1994-05-04', NULL, '39 Dương Đình Nghệ - Hai Bà Trưng - Hà Nội', '0226492811', '0984104856', 'namxiao1107@gmail.com.vn', '9599025741', ' Ngân hàng Sacombank', 'Nguyễn Trãi - Hà Đông - Hà Nội', '2016-03-03 00:38:56', 'Lục Tuấn Nam ', '2023-03-09 14:57:21', 'Phạm Nam Thọ '),
('38085202-6473-26a9-7bf6-423b4e874d0f', 'NV-0135', 'Lục Tiến Long', 0, 0, '1984-04-11', 0, '11452b0c-768e-5ff7-0d63-eeb1d8ed8cef', NULL, '7423403112', '2020-08-30', 'Kiên Giang', 'Ngõ 43/79 Khuất Duy Tiến - Hai Bà Trưng - Hà Nội', '0333059394', '0988517256', 'letco9801@yahoo.com.vn', '1631002758', 'Ngân hàng Techcombank', 'Hoàng Cầu - Bắc Từ Liêm - Hà Nội', '2015-03-11 00:12:13', 'Lã An Huy ', '2022-05-09 07:30:17', 'Vũ Nam Gia '),
('383760d5-6851-218b-4835-0028ed526dd0', 'NV-0158', 'Lục Ngọc My', 0, 1, '1970-01-08', 1, '768f8e64-7d10-20c9-967d-e8c757976496', 'Trưởng chi nhánh', '1073115683', '1990-01-08', 'TP HCM', 'Ngõ 57/69 Dương Đình Nghệ - Cầu Giấy - Hà Nội', '0987363006', NULL, 'trunghyun5789@outlook.com', '8010409454', 'Ngân hàng Đông Á', 'Hoàng Cầu - Nam Từ Liêm - Hà Nội', '2013-03-13 11:59:23', 'Lục Nhật Dương ', '2021-01-01 00:01:31', 'Hoàng Văn Thọ '),
('38dc720e-654a-29d5-34c2-579daad24557', 'NV-0329', 'Phan An Linh', 0, 0, '2001-03-28', 2, '11452b0c-768e-5ff7-0d63-eeb1d8ed8cef', 'Phó giám đốc', '3446509880', '2008-04-22', 'Sơn La', 'Ngõ 47/87 Phạm Hồng Thái - Hai Bà Trưng - Hà Nội', '0333884372', '0226731892', 'letco5000@outlook.com', '1640375728', 'Ngân hàng Á Châu', 'Phạm Hồng Thái - Cầu Giấy - Hà Nội', '2015-11-13 21:22:32', 'Lục Nam Đức ', '2023-02-25 01:42:54', 'Lưu Tiến Anh '),
('395826c8-15a0-31f9-5980-7ed9d1ea06ea', 'NV-0080', 'Lương Nam Hoàng', 1, 0, '2002-02-27', 0, '4577565a-7e3e-493a-74dd-867949feb8b5', 'Trưởng phòng', '3743674682', '1994-11-23', 'Sơn La', '187 Nguyễn Trãi - Hoàng Mai - Hà Nội', '0986496491', '0333546308', 'xiao1562@gmail.com', '0046839350', ' Ngân hàng Sacombank', 'Khuất Duy Tiến - Bắc Từ Liêm - Hà Nội', '2013-01-01 00:00:06', 'Triệu Nam Hoàn ', '2023-10-31 00:12:11', 'Phạm Nguyễn Nguyên Hải'),
('395fb299-3c5f-46fe-8841-c1ec321fe728', 'NV-0358', 'Lưu Thị Thanh', 0, 0, NULL, 2, '4e272fc4-7875-78d6-7d32-6a1673ffca7c', 'Chuyên viên', '3509253900', NULL, 'Kiên Giang', NULL, NULL, '0262588250', NULL, '6600319277', NULL, 'Phạm Hồng Thái - Bắc Từ Liêm - Hà Nội', '2013-03-25 10:17:56', 'Hoàng Văn Long ', '2023-05-31 12:32:30', 'Lương Bình Huy '),
('39f3c493-4680-145e-42c2-579daad24557', 'NV-0186', 'Lục Lan Ngân', 0, 0, NULL, 1, '11452b0c-768e-5ff7-0d63-eeb1d8ed8cef', NULL, '0172844854', NULL, 'Nghệ An', 'Ngõ 84/95 Đinh Tiên Hoàng - Hà Đông - Hà Nội', '0987246996', '0226509988', 'namxiao2310@yahoo.com.vn', '9415143344', 'Ngân hàng Techcombank', 'Hoàng Cầu - Hai Bà Trưng - Hà Nội', '2017-05-05 05:26:39', 'Nguyễn An Thiếu ', '2021-10-15 22:04:48', 'Lã Tuấn Lộc '),
('3a425a4d-6066-116b-6bf6-423b4e874d0f', 'NV-0028', 'Vũ Nam Dương', 1, 0, '1994-08-21', 0, '17120d02-6ab5-3e43-18cb-66948daf6128', NULL, '5109278055', '2016-05-27', 'Nam Định', 'Ngõ 38/59 Đinh Tiên Hoàng - Ba Đình - Hà Nội', '0986216455', NULL, 'namxiao3803@gmail.com.vn', '5005808467', 'Ngân hàng Quân Đội', 'Nguyễn Trãi - Hà Đông - Hà Nội', '2013-01-01 00:01:29', 'Triệu An Dũng ', '2023-04-03 01:36:47', 'Vũ Bình Gia '),
('3abffc51-2a43-18c6-6cf6-423b4e874d0f', 'NV-0184', 'Nguyễn Nhật Dương', 0, 1, '1985-10-16', 0, '768f8e64-7d10-20c9-967d-e8c757976496', NULL, '9483141131', '1998-09-03', 'Hà Tĩnh', 'Ngõ 91/42 Nguyễn Trãi - Thanh Xuân - Hà Nội', '0988241862', '0984790693', 'bossbiet8211@yahoo.com', '4047098494', 'Ngân hàng Đông Á', 'Hoàng Cầu - Nam Từ Liêm - Hà Nội', '2017-02-23 23:10:40', 'Nguyễn Nhật Nam ', '2021-05-08 15:43:27', 'Đào Nhật Hoàn '),
('3ac85d96-49eb-7b1d-1135-60b3ebf808a9', 'NV-0351', 'Hoàng Nam Huy', 0, 0, NULL, 0, '142cb08f-7c31-21fa-8e90-67245e8b283e', NULL, '5644042628', NULL, NULL, NULL, NULL, '0984881895', NULL, '6429078802', NULL, NULL, '2013-01-01 00:14:20', 'Lã Nam Dương ', NULL, NULL),
('3b668e3c-742f-4876-8e41-c1ec321fe728', 'NV-0020', 'Nguyễn Thị Hòa', 0, 0, '1984-01-17', 2, '768f8e64-7d10-20c9-967d-e8c757976496', 'Trưởng bộ phận', '6009648483', '2019-08-25', NULL, 'Ngõ 51/13/15 Phạm Hồng Thái - Hoàng Mai - Hà Nội', '0987903959', NULL, 'bossbiet1406@gmail.com.vn', '6943433692', 'Ngân hàng Techcombank', 'Phạm Hồng Thái - Bắc Từ Liêm - Hà Nội', '2018-03-12 05:33:24', 'Triệu Bình Lương ', '2022-12-12 23:51:24', 'Lương  An\r\nTrâm'),
('3b9be541-2ef2-4000-4bc2-579daad24557', 'NV-0208', 'Nguyễn Thùy Hòa', 0, 0, '1990-10-12', 1, '142cb08f-7c31-21fa-8e90-67245e8b283e', 'Phó giám đốc', '6795776649', '1997-11-18', NULL, '824 Dương Đình Nghệ - Hai Bà Trưng - Hà Nội', '0986040638', NULL, 'papa0279@gmail.com', '9068032482', 'Ngân hàng Viettinbank', 'Nguyễn Trãi - Nam Từ Liêm - Hà Nội', '2013-01-01 00:16:17', 'Đào Tiến Phúc ', '2021-08-27 23:17:15', 'Triệu Bình Hải '),
('3b9ddf67-2552-6683-5a80-7ed9d1ea06ea', 'NV-0384', 'Lã Lan Trâm', 0, 0, '1993-03-21', 1, '17120d02-6ab5-3e43-18cb-66948daf6128', NULL, '2493395400', '2004-12-05', 'Kiên Giang', 'Ngõ 85/55 Phạm Hồng Thái - Hà Đông - Hà Nội', '0984552736', NULL, 'papa6262@yahoo.com.vn', '1809938875', 'Ngân hàng Quân Đội', 'Hoàng Cầu - Hoàng Mai - Hà Nội', '2013-01-01 00:00:48', 'Hoàng Văn Dũng ', '2021-11-21 00:19:49', 'Lưu Nam Dương '),
('3cb58bb5-2fd7-6c15-8741-c1ec321fe728', 'NV-0040', 'Phạm Lan Ngát', 0, 0, '1983-12-03', 1, '768f8e64-7d10-20c9-967d-e8c757976496', NULL, '6592790829', '1990-02-07', 'Sơn La', '74 Hoàng Cầu - Bắc Từ Liêm - Hà Nội', '0262484886', NULL, 'trunghyun7619@yahoo.com.vn', '8534223125', 'Ngân hàng Á Châu', 'Khuất Duy Tiến - Hoàng Mai - Hà Nội', '2016-07-16 14:25:22', 'Hoàng Bình Hoàn ', '2022-10-01 10:41:26', 'Phan Nam Dũng '),
('3cc7be2d-6406-4b95-3cc2-579daad24557', 'NV-0127', 'Vũ Tuấn Lương', 0, 0, NULL, 0, '11452b0c-768e-5ff7-0d63-eeb1d8ed8cef', 'Phó giám đốc', '4237606429', NULL, 'Sơn La', NULL, NULL, NULL, NULL, '5425781283', NULL, 'Phạm Hồng Thái - Cầu Giấy - Hà Nội', NULL, NULL, '2023-07-30 06:30:53', 'Vũ Văn Anh '),
('3d1266d8-49d7-3605-2477-d9ebc53aac3d', 'NV-0229', 'Phạm Tuấn Hoàn', 1, 0, NULL, 0, '469b3ece-744a-45d5-957d-e8c757976496', NULL, '0846158358', NULL, 'Hà Nội', NULL, '0226195841', '0333289662', NULL, '4205094233', NULL, 'Phạm Hồng Thái - Bắc Từ Liêm - Hà Nội', '2013-09-23 01:43:46', 'Lưu  Ngọc\r\nQuỳnh', '2023-02-03 22:53:05', 'Triệu Nam Long '),
('3d18d4c2-2f39-3dce-d61d-086412a8ea97', 'NV-0059', 'Đào An Phương', 0, 1, '1976-02-15', 2, '4577565a-7e3e-493a-74dd-867949feb8b5', NULL, '9738333967', '2017-04-27', 'TP HCM', '626 Nguyễn Trãi - Hà Đông - Hà Nội', '0987171904', '0986208419', 'yunpa9813@yahoo.com.vn', '9163043746', 'Ngân hàng Techcombank', 'Hoàng Cầu - Hai Bà Trưng - Hà Nội', '2014-12-19 22:46:23', 'Lục Văn Long ', '2022-09-09 08:19:06', 'Lã Nam Tùng '),
('3d9b23c7-7369-2872-5635-0028ed526dd0', 'NV-0046', 'Triệu Bình Sơn', 0, 0, '1974-03-25', 2, '768f8e64-7d10-20c9-967d-e8c757976496', 'Chuyên viên', '3966889973', '2008-06-29', NULL, '497 Đinh Tiên Hoàng - Bắc Từ Liêm - Hà Nội', '0988233471', NULL, 'hyunhyun4571@gmail.com.vn', '9927432337', 'Ngân hàng Techcombank', NULL, '2013-01-01 01:18:20', 'Lương  An\r\nYên', NULL, NULL),
('3e2b2e81-5437-1a99-9441-c1ec321fe728', 'NV-0104', 'Lã Lan Hoa', 0, 0, NULL, 1, '768f8e64-7d10-20c9-967d-e8c757976496', 'Chuyên viên', '0823877823', NULL, 'Sơn La', NULL, NULL, '0984850559', NULL, '4809785310', NULL, 'Hoàng Cầu - Hai Bà Trưng - Hà Nội', NULL, NULL, '2023-09-21 14:06:19', 'Phan Nhật Nam '),
('3e51a46c-4153-229c-7f41-c1ec321fe728', 'NV-0330', 'Lã Ngọc Linh', 0, 1, NULL, 1, '4577565a-7e3e-493a-74dd-867949feb8b5', NULL, '6483149959', NULL, 'Hà Nam', NULL, '0987503515', '0226437391', NULL, '1829588178', NULL, NULL, '2018-08-01 22:55:57', 'Lưu Tiến Hoàng ', NULL, NULL),
('3e7dd0ec-7ee5-392a-1277-d9ebc53aac3d', 'NV-0360', 'Lục An Phúc', 0, 0, NULL, 2, '4577565a-7e3e-493a-74dd-867949feb8b5', 'Chuyên viên', '2174264344', NULL, 'Hòa Bình', 'Ngõ 19/92/38 Dương Đình Nghệ - Thanh Xuân - Hà Nội', '0988228188', '0987415156', 'yunpa1752@outlook.com.vn', '8210014305', ' Ngân hàng Sacombank', 'Khuất Duy Tiến - Bắc Từ Liêm - Hà Nội', '2013-01-01 00:14:57', 'Lương  Lan\r\nThanh', '2022-01-08 03:53:49', 'Triệu Bình Thành '),
('3f7028bf-3771-75c5-2380-de64d090a2c2', 'NV-0015', 'Lương An Hiền', 0, 1, NULL, 2, '4577565a-7e3e-493a-74dd-867949feb8b5', 'Chuyên viên', '4713528576', NULL, 'Hà Nam', '414 Dương Đình Nghệ - Hà Đông - Hà Nội', '0987147618', '0333274261', 'xuhyun9887@yahoo.com', '7509649430', 'Ngân hàng Quân Đội', 'Phạm Hồng Thái - Thanh Xuân - Hà Nội', '2014-10-22 12:46:31', 'Nguyễn Nam Phúc ', '2021-01-01 00:00:13', 'Lương An Sơn '),
('3fa724dd-431f-5032-2a80-de64d090a2c2', 'NV-0382', 'Đào An Lộc', 0, 0, NULL, 2, '4577565a-7e3e-493a-74dd-867949feb8b5', 'Giám đốc', '7431073188', NULL, 'Kiên Giang', NULL, NULL, NULL, NULL, '6646445355', NULL, 'Nguyễn Trãi - Thanh Xuân - Hà Nội', '2020-09-12 12:36:41', 'Phan Nhật Thiếu ', '2023-03-25 01:45:41', 'Lục An Đức '),
('3fc4ed08-1219-1c6d-5480-7ed9d1ea06ea', 'NV-0251', 'Lương Ngọc Thanh', 1, 0, '1997-08-24', 1, '4577565a-7e3e-493a-74dd-867949feb8b5', 'Phó giám đốc', '7992038091', '2015-03-09', 'Nam Định', 'Ngõ 76/51 Nguyễn Trãi - Thanh Xuân - Hà Nội', '0987460083', '0333841186', 'bossbiet5583@outlook.com', '2233895341', 'Ngân hàng Đông Á', 'Hoàng Cầu - Hai Bà Trưng - Hà Nội', '2019-02-09 22:13:31', 'Hoàng Tuấn Long ', '2022-09-19 20:24:11', 'Lục Tiến Thành '),
('3fed64ec-2f94-798f-0335-60b3ebf808a9', 'NV-0209', 'Nguyễn An Đức', 0, 0, '1988-01-27', 2, '17120d02-6ab5-3e43-18cb-66948daf6128', 'Trưởng phòng', '5744777836', '2018-10-11', 'Hải Phòng', 'Ngõ 41/76 Hoàng Cầu - Cầu Giấy - Hà Nội', '0984241456', NULL, 'letgo0468@gmail.com', '3755150026', 'Ngân hàng Đông Á', 'Dương Đình Nghệ - Bắc Từ Liêm - Hà Nội', '2016-08-01 19:30:24', 'Lưu Văn Hải ', '2022-08-06 04:32:23', 'Phan Bình Lương '),
('40160288-72cf-185c-c8d2-89b22d10517e', 'NV-0350', 'Đào Thùy Hòa', 0, 0, '1975-04-20', 1, '142cb08f-7c31-21fa-8e90-67245e8b283e', 'Phó giám đốc', '9691370431', '2009-03-21', 'Thái Bình', '389 Nguyễn Trãi - Bắc Từ Liêm - Hà Nội', '0987888664', NULL, 'trunghyun2570@yahoo.com', '0717554184', 'Ngân hàng Techcombank', 'Dương Đình Nghệ - Hai Bà Trưng - Hà Nội', '2014-12-16 10:45:25', 'Lưu Tiến Thành ', '2021-06-03 01:28:49', 'Lã An Thiếu '),
('401e72cc-49b0-5b4a-5335-0028ed526dd0', 'NV-0323', 'Phan Như Ánh', 0, 0, NULL, 1, '768f8e64-7d10-20c9-967d-e8c757976496', NULL, '3052487210', NULL, 'Hòa Bình', 'Ngõ 26/41 Phạm Hồng Thái - Nam Từ Liêm - Hà Nội', '0984473842', NULL, 'authen2440@yahoo.com.vn', '5478834434', 'Ngân hàng Á Châu', 'Nguyễn Trãi - Thanh Xuân - Hà Nội', '2013-12-15 05:25:29', 'Hoàng Nam Hoàng ', '2021-01-01 00:06:23', 'Nguyễn An Thiếu '),
('4029deb6-568c-284f-8941-c1ec321fe728', 'NV-0128', 'Lưu Mai Chinh', 1, 0, '1974-07-10', 2, '469b3ece-744a-45d5-957d-e8c757976496', NULL, '5481819131', '1994-07-10', 'Hà Nội', 'Ngõ 49/47 Dương Đình Nghệ - Ba Đình - Hà Nội', '0987029351', NULL, 'auhyun8609@yahoo.com.vn', '6490520191', 'Ngân hàng Quân Đội', 'Phạm Hồng Thái - Bắc Từ Liêm - Hà Nội', '2018-02-11 04:42:59', 'Phạm Văn Thọ ', '2023-05-24 01:01:44', 'Lã Bình Tùng '),
('405d596c-21be-7e1a-3dc2-579daad24557', 'NV-0225', 'Lục An Linh', 0, 1, '1970-01-06', 2, '11452b0c-768e-5ff7-0d63-eeb1d8ed8cef', NULL, '0533404886', '1990-01-06', 'TP HCM', 'Ngõ 64/69/78 Khuất Duy Tiến - Cầu Giấy - Hà Nội', '0226699077', '0984329610', 'papa8237@outlook.com', '9625563548', 'Ngân hàng Viettinbank', 'Dương Đình Nghệ - Ba Đình - Hà Nội', '2013-01-01 00:03:55', 'Lưu An Thành ', '2022-01-10 18:35:39', 'Lưu Bình Giang '),
('407db4d1-222b-287d-0135-60b3ebf808a9', 'NV-0006', 'Vũ An Nam', 0, 0, '1971-12-21', 0, '768f8e64-7d10-20c9-967d-e8c757976496', 'Chuyên viên', '7756120367', '2004-11-21', 'Hòa Bình', '53 Đinh Tiên Hoàng - Thanh Xuân - Hà Nội', '0333163407', NULL, 'yunpa7604@outlook.com.vn', '0317999830', 'Ngân hàng Á Châu', 'Khuất Duy Tiến - Cầu Giấy - Hà Nội', '2013-01-01 01:00:32', 'Phan Bình Lương ', '2022-03-04 13:07:34', 'Vũ An Thành '),
('40904e10-3084-1af7-2a77-d9ebc53aac3d', 'NV-0206', 'Phan Mai Linh', 0, 0, '1970-01-01', 2, '469b3ece-744a-45d5-957d-e8c757976496', NULL, '5096908722', '1990-01-01', 'Thái Bình', 'Ngõ 58/78 Dương Đình Nghệ - Hà Đông - Hà Nội', '0226083042', '0988048154', 'letco9070@yahoo.com', '1988091260', ' Ngân hàng Sacombank', 'Dương Đình Nghệ - Ba Đình - Hà Nội', '2016-03-17 07:29:58', 'Vũ Nhật Hoàng ', '2022-04-13 04:27:46', 'Vũ Nam Kiệt '),
('409dcd1a-426a-23f7-3a35-0028ed526dd0', 'NV-0266', 'Vũ An Ánh', 0, 0, '1999-01-26', 2, '469b3ece-744a-45d5-957d-e8c757976496', 'Nhân viên', '2786876337', '1992-07-10', 'Hải Phòng', 'Ngõ 34/82 Khuất Duy Tiến - Ba Đình - Hà Nội', '0226463746', '0987293337', 'tienlen1030@outlook.com.vn', '1179649252', ' Ngân hàng Sacombank', 'Dương Đình Nghệ - Hoàng Mai - Hà Nội', '2017-05-09 10:01:25', 'Vũ Bình Gia ', '2021-11-07 00:56:48', 'Lưu  An\r\nXuân'),
('40fff47f-4425-60cb-5135-0028ed526dd0', 'NV-0016', 'Lưu Như Trâm', 0, 0, '1995-12-05', 1, '11452b0c-768e-5ff7-0d63-eeb1d8ed8cef', NULL, '1226745645', '2009-07-23', 'Hải Phòng', 'Ngõ 84/25/78 Hoàng Cầu - Hai Bà Trưng - Hà Nội', '0333488102', '0987217012', 'xiao8448@outlook.com', '6427886427', 'Ngân hàng Đông Á', 'Hoàng Cầu - Hoàn Kiếm - Hà Nội', '2013-01-01 00:00:36', 'Lục Tuấn Lộc ', '2022-12-19 11:44:32', 'Lương Nam Anh '),
('417f31fa-5c7b-6b08-6280-7ed9d1ea06ea', 'NV-0105', 'Lã Tiến Tùng', 0, 1, '1970-02-17', 0, '142cb08f-7c31-21fa-8e90-67245e8b283e', 'Phó giám đốc', '5140620562', '1990-02-17', 'Hà Tĩnh', '185 Dương Đình Nghệ - Thanh Xuân - Hà Nội', '0987616641', NULL, 'bossbiet8051@gmail.com.vn', '0278706644', 'Ngân hàng Viettinbank', 'Nguyễn Trãi - Ba Đình - Hà Nội', '2013-01-01 00:00:27', 'Hoàng Nhật Hải ', '2021-07-10 10:34:29', 'Lương Tiến Thành '),
('41f1acba-3177-4b1c-c4d2-89b22d10517e', 'NV-0285', 'Lã An Nam', 0, 0, '1970-02-24', 0, '142cb08f-7c31-21fa-8e90-67245e8b283e', 'Giám đốc', '5444986726', '1990-02-24', 'Sơn La', 'Ngõ 17/22 Hoàng Cầu - Hai Bà Trưng - Hà Nội', '0984981983', NULL, 'auhyun4221@outlook.com.vn', '1760580742', 'Ngân hàng Vietcombank', 'Đinh Tiên Hoàng - Thanh Xuân - Hà Nội', '2014-04-04 20:55:26', 'Triệu Tuấn Thiếu ', '2022-03-12 19:56:59', 'Lương Văn Phúc '),
('42a13e31-2abb-6171-dc1d-086412a8ea97', 'NV-0325', 'Lục Tuấn Lương', 0, 0, '1971-08-11', 0, '142cb08f-7c31-21fa-8e90-67245e8b283e', 'Phó giám đốc', '2927723640', '2008-04-25', 'Sơn La', 'Ngõ 34/25 Khuất Duy Tiến - Cầu Giấy - Hà Nội', '0262539757', '0986258739', 'hyunhyun1952@gmail.com', '2537328460', ' Ngân hàng Sacombank', 'Phạm Hồng Thái - Bắc Từ Liêm - Hà Nội', '2017-02-24 21:56:17', 'Triệu Tuấn Lương ', '2021-01-01 00:01:30', 'Lương Văn Dũng '),
('42b9446a-790b-3892-2ac2-579daad24557', 'NV-0303', 'Lương Thùy Hiền', 0, 0, '1993-07-15', 1, '17120d02-6ab5-3e43-18cb-66948daf6128', 'Trưởng bộ phận', '6574909328', '1998-07-17', 'Hải Phòng', '18 Dương Đình Nghệ - Hai Bà Trưng - Hà Nội', '0984311288', NULL, 'letco1885@yahoo.com', '8380476550', 'Ngân hàng Á Châu', 'Đinh Tiên Hoàng - Nam Từ Liêm - Hà Nội', '2017-10-08 01:55:17', 'Hoàng Tiến Anh ', '2022-12-11 07:55:34', 'Hoàng Bình Lương '),
('42db9027-5e76-257b-33c2-579daad24557', 'NV-0036', 'Lục Lan Huyền', 0, 0, '1970-01-12', 1, '11452b0c-768e-5ff7-0d63-eeb1d8ed8cef', NULL, '2384878038', '1990-01-12', 'Kiên Giang', '779 Dương Đình Nghệ - Bắc Từ Liêm - Hà Nội', '0988843163', '0262594975', 'xuhyun7776@outlook.com', '4143461341', ' Ngân hàng Sacombank', 'Nguyễn Trãi - Nam Từ Liêm - Hà Nội', '2013-01-01 00:00:10', 'Đào Bình Thiếu ', '2021-01-01 00:06:47', 'Vũ Bình Long '),
('434d4eb6-140c-38b4-4cc2-579daad24557', 'NV-0098', 'Lã Mai An', 0, 0, '2001-06-08', 2, '4e272fc4-7875-78d6-7d32-6a1673ffca7c', 'Trưởng chi nhánh', '5551871769', '2003-02-02', NULL, 'Ngõ 51/19/52 Nguyễn Trãi - Ba Đình - Hà Nội', '0262210042', NULL, 'bossbiet6223@yahoo.com', '9449242476', 'Ngân hàng Techcombank', 'Nguyễn Trãi - Hoàn Kiếm - Hà Nội', '2015-09-28 15:09:24', 'Hoàng An Hoàng ', '2023-09-26 22:17:34', 'Phạm Bình Hoàng '),
('443674f7-78a9-5ffa-4f35-0028ed526dd0', 'NV-0277', 'Phạm Nhật Lương', 0, 0, '1992-05-31', 0, '11452b0c-768e-5ff7-0d63-eeb1d8ed8cef', NULL, '3819374658', '2010-05-10', 'Kiên Giang', '468 Khuất Duy Tiến - Thanh Xuân - Hà Nội', '0262463541', '0333606276', 'trunghyun4029@outlook.com', '6286505282', 'Ngân hàng Quân Đội', 'Đinh Tiên Hoàng - Hoàn Kiếm - Hà Nội', '2013-01-01 00:01:16', 'Hoàng Văn Sơn ', '2021-07-26 14:59:40', 'Lã  Như\r\nHuyền'),
('45ae58dc-49a1-14b9-3180-de64d090a2c2', 'NV-0348', 'Phan Như Huyền', 0, 0, '1972-05-03', 1, '4e272fc4-7875-78d6-7d32-6a1673ffca7c', 'Trưởng phòng', '6827797886', '1992-05-03', NULL, 'Ngõ 19/21 Phạm Hồng Thái - Nam Từ Liêm - Hà Nội', '0226185614', NULL, 'authen7655@gmail.com.vn', '3290430269', 'Ngân hàng Đông Á', 'Nguyễn Trãi - Thanh Xuân - Hà Nội', '2013-05-22 01:41:45', 'Lưu  Ngọc\r\nTrâm', '2023-09-29 01:51:24', 'Lương Văn Giang '),
('45bd4aa1-3832-3db8-d21d-086412a8ea97', 'NV-0156', 'Lưu An Ngát', 0, 0, '1979-01-16', 2, '17120d02-6ab5-3e43-18cb-66948daf6128', NULL, '1888661712', '2003-04-29', 'Nghệ An', '482 Đinh Tiên Hoàng - Nam Từ Liêm - Hà Nội', '0333303836', NULL, 'letco1660@gmail.com', '2659307221', 'Ngân hàng Á Châu', 'Dương Đình Nghệ - Hà Đông - Hà Nội', '2019-06-03 14:45:09', 'Vũ Tuấn Huy ', '2021-12-12 19:35:27', 'Đào Tiến Phúc '),
('45c09477-664f-1904-0f35-60b3ebf808a9', 'NV-0306', 'Lã Tuấn Lộc', 0, 0, NULL, 0, '469b3ece-744a-45d5-957d-e8c757976496', 'Chuyên viên', '8282884315', NULL, 'Sơn La', NULL, '0262433899', '0988412954', NULL, '7706957942', NULL, 'Phạm Hồng Thái - Ba Đình - Hà Nội', '2013-05-22 17:31:29', 'Triệu An Hoàng ', '2022-01-06 00:31:12', 'Vũ  Mai\r\nPhương'),
('46325c89-599d-77ef-74f6-423b4e874d0f', 'NV-0376', 'Lã Như Huyền', 1, 0, NULL, 1, '4577565a-7e3e-493a-74dd-867949feb8b5', 'Phó giám đốc', '8324127083', NULL, 'Hà Nội', NULL, NULL, '0987084069', NULL, '1043434252', NULL, 'Phạm Hồng Thái - Nam Từ Liêm - Hà Nội', '2020-02-08 11:15:51', 'Đào Văn Huy ', '2021-01-01 00:16:14', 'Lục Tiến Phúc '),
('46421cb1-7414-1d61-2c80-de64d090a2c2', 'NV-0030', 'Hoàng Lan Hòa', 0, 0, '1970-08-25', 1, '4e272fc4-7875-78d6-7d32-6a1673ffca7c', 'Trưởng bộ phận', '3815433678', '2000-10-05', NULL, '34 Đinh Tiên Hoàng - Thanh Xuân - Hà Nội', '0333655504', NULL, 'auhyun9793@gmail.com', '6463795727', 'Ngân hàng Á Châu', 'Khuất Duy Tiến - Hai Bà Trưng - Hà Nội', '2013-01-01 00:01:11', 'Phan Tiến Huy ', '2022-07-28 10:51:39', 'Lương Bình Đức '),
('481183cb-5a6c-795b-68f6-423b4e874d0f', 'NV-0038', 'Phan Tuấn Nam', 0, 0, NULL, 0, '11452b0c-768e-5ff7-0d63-eeb1d8ed8cef', 'Giám đốc', '5132123345', NULL, NULL, NULL, NULL, '0226428950', NULL, '8430589689', NULL, 'Đinh Tiên Hoàng - Nam Từ Liêm - Hà Nội', NULL, NULL, '2022-04-30 12:48:52', 'Hoàng Tuấn Thiềm '),
('48147636-7e8f-6939-2580-de64d090a2c2', 'NV-0230', 'Phan An Dũng', 0, 1, NULL, 2, '768f8e64-7d10-20c9-967d-e8c757976496', 'Chuyên viên', '8060457534', NULL, 'Hà Nam', NULL, '0984544558', '0226772559', NULL, '7605396979', NULL, 'Khuất Duy Tiến - Ba Đình - Hà Nội', '2017-06-30 00:50:52', 'Lã Tuấn Lương ', '2022-08-23 04:02:20', 'Vũ Bình Dũng '),
('4852769b-3986-7c69-2077-d9ebc53aac3d', 'NV-0154', 'Hoàng Lan Thanh', 1, 0, NULL, 1, '142cb08f-7c31-21fa-8e90-67245e8b283e', 'Trưởng bộ phận', '2073000238', NULL, 'Nam Định', NULL, '0987808550', '0262306575', NULL, '8755098888', NULL, 'Nguyễn Trãi - Thanh Xuân - Hà Nội', '2013-01-01 00:00:01', 'Lương An Lộc ', '2021-05-08 05:30:37', 'Lưu  Thùy\r\nHòa'),
('4863fe5f-13df-4653-9041-c1ec321fe728', 'NV-0084', 'Triệu Nam Hoàng', 0, 0, '2003-04-03', 0, '11452b0c-768e-5ff7-0d63-eeb1d8ed8cef', NULL, '4055522479', '2007-11-11', 'Sơn La', '692 Hoàng Cầu - Ba Đình - Hà Nội', '0988735981', '0988790756', 'namxiao7294@yahoo.com.vn', '4943244842', 'Ngân hàng Đông Á', NULL, '2016-09-20 10:15:15', 'Phan Tuấn Giang ', NULL, NULL),
('4989ff24-23e7-7b82-b6d2-89b22d10517e', 'NV-0390', 'Đào Bình Thọ', 0, 0, '2003-08-30', 2, '768f8e64-7d10-20c9-967d-e8c757976496', NULL, '4275445501', '2015-07-25', 'Sơn La', '11 Dương Đình Nghệ - Thanh Xuân - Hà Nội', '0984494643', '0987103587', 'bossbiet0811@yahoo.com', '1264197695', 'Ngân hàng Viettinbank', 'Dương Đình Nghệ - Nam Từ Liêm - Hà Nội', '2014-06-30 17:55:15', 'Phạm Nhật Hoàn ', '2021-11-28 04:32:33', 'Đào Bình Hoàn '),
('4a594072-7a23-18da-c9d2-89b22d10517e', 'NV-0055', 'Nguyễn Thị Trâm', 0, 0, NULL, 2, '4e272fc4-7875-78d6-7d32-6a1673ffca7c', 'Chuyên viên', '1838776971', NULL, NULL, 'Ngõ 46/83/61 Hoàng Cầu - Ba Đình - Hà Nội', '0984426753', NULL, 'authen5660@gmail.com.vn', '2038762563', 'Ngân hàng Quân Đội', 'Hoàng Cầu - Bắc Từ Liêm - Hà Nội', '2017-10-08 04:39:35', 'Phạm Nam Dương ', '2022-02-23 18:07:50', 'Vũ Văn Huy '),
('4a9854e8-12ac-72ac-2877-d9ebc53aac3d', 'NV-0220', 'Lương Thùy Hòa', 0, 1, NULL, 1, '142cb08f-7c31-21fa-8e90-67245e8b283e', 'Giám đốc', '0912609135', NULL, 'Hà Tĩnh', NULL, NULL, NULL, NULL, '0248582313', NULL, 'Khuất Duy Tiến - Ba Đình - Hà Nội', '2015-10-02 22:44:01', 'Phan Bình Gia ', '2023-06-12 12:46:56', 'Lục  Thùy\r\nHòa'),
('4b649055-43d5-2b07-de1d-086412a8ea97', 'NV-0097', 'Phạm An An', 1, 0, NULL, 2, '768f8e64-7d10-20c9-967d-e8c757976496', 'Trưởng chi nhánh', '2849749191', NULL, 'Nam Định', NULL, '0984283620', '0333129818', NULL, '7622034868', NULL, 'Nguyễn Trãi - Hoàng Mai - Hà Nội', '2019-03-11 22:10:09', 'Phan Tiến Dương ', '2023-06-04 05:34:26', 'Triệu Tiến Thành '),
('4bf4567b-1505-40db-dd1d-086412a8ea97', 'NV-0032', 'Nguyễn Ngọc Anh', 0, 1, NULL, 1, '768f8e64-7d10-20c9-967d-e8c757976496', 'Phó giám đốc', '2286455037', NULL, 'Hà Nam', NULL, '0262152929', '0986792109', NULL, '2987138064', NULL, 'Nguyễn Trãi - Thanh Xuân - Hà Nội', '2013-01-01 01:42:30', 'Đào Tuấn Phúc ', '2021-02-07 21:04:00', 'Lương Văn Nam '),
('4bf9ecda-2d8e-1724-1d80-de64d090a2c2', 'NV-0228', 'Phạm Nam Phúc', 0, 0, NULL, 0, '4577565a-7e3e-493a-74dd-867949feb8b5', 'Trưởng bộ phận', '0135882468', NULL, NULL, NULL, '0226605955', NULL, NULL, '8256905837', NULL, 'Đinh Tiên Hoàng - Hoàn Kiếm - Hà Nội', '2015-08-01 02:25:01', 'Phạm Tiến Dương ', '2021-09-18 10:49:15', 'Lưu An Phúc '),
('4c14bdf4-3327-39eb-2d80-de64d090a2c2', 'NV-0113', 'Hoàng Tuấn Phúc', 0, 0, '2002-08-01', 0, '142cb08f-7c31-21fa-8e90-67245e8b283e', 'Giám đốc', '6387595797', '1998-07-27', 'Kiên Giang', '828 Nguyễn Trãi - Hà Đông - Hà Nội', '0988035112', '0333856624', 'letco8180@gmail.com.vn', '7264921404', 'Ngân hàng Viettinbank', 'Khuất Duy Tiến - Cầu Giấy - Hà Nội', '2020-03-29 10:17:12', 'Lục Nam Long ', '2021-01-01 00:16:30', 'Đào Tiến Hoàn '),
('4c61c74b-4a9f-769e-0d35-60b3ebf808a9', 'NV-0234', 'Lương Lan Ngát', 1, 0, '1979-01-12', 1, '142cb08f-7c31-21fa-8e90-67245e8b283e', 'Nhân viên', '6583107204', '2014-07-06', 'Hà Nội', 'Ngõ 32/66 Nguyễn Trãi - Hà Đông - Hà Nội', '0987280160', '0226013372', 'xuhyun2665@outlook.com', '0987437348', 'Ngân hàng Vietcombank', 'Dương Đình Nghệ - Hai Bà Trưng - Hà Nội', '2019-05-21 23:06:31', 'Lương Bình Sơn ', '2021-01-01 00:14:09', 'Lương Nam Long '),
('4c9ebdde-5f9a-58dd-4235-0028ed526dd0', 'NV-0272', 'Đào Tiến Thiềm', 0, 0, '1970-03-30', 0, '11452b0c-768e-5ff7-0d63-eeb1d8ed8cef', 'Trưởng bộ phận', '9303991270', '1990-03-30', 'Sơn La', 'Ngõ 16/39 Nguyễn Trãi - Ba Đình - Hà Nội', '0984087869', '0987603496', 'bossbiet8565@yahoo.com', '8483244965', 'Ngân hàng Viettinbank', 'Đinh Tiên Hoàng - Hai Bà Trưng - Hà Nội', '2016-04-19 22:21:06', 'Lã Tuấn Huy ', '2021-01-07 11:42:14', 'Vũ Bình Hoàng '),
('4cc606bb-3068-7d32-3f35-0028ed526dd0', 'NV-0274', 'Triệu Tuấn Lộc', 0, 1, '2002-08-14', 0, '4e272fc4-7875-78d6-7d32-6a1673ffca7c', 'Giám đốc', '2355212197', '1991-11-02', 'Hà Nam', '59 Nguyễn Trãi - Ba Đình - Hà Nội', '0262992089', '0987364526', 'xuhyun5807@outlook.com', '8160116483', 'Ngân hàng Viettinbank', 'Phạm Hồng Thái - Nam Từ Liêm - Hà Nội', '2018-06-20 16:46:36', 'Nguyễn Tiến Nam ', '2022-04-23 21:37:47', 'Phạm Bình Lương '),
('4d536cce-31bf-335e-bfd2-89b22d10517e', 'NV-0191', 'Vũ Bình Phúc', 0, 0, NULL, 2, '17120d02-6ab5-3e43-18cb-66948daf6128', 'Nhân viên', NULL, NULL, 'Hòa Bình', NULL, NULL, '0986161384', NULL, '7053493230', NULL, 'Khuất Duy Tiến - Cầu Giấy - Hà Nội', '2019-08-12 18:38:41', 'Lã Nam Lộc ', '2023-08-28 20:04:40', 'Lã An Long '),
('4d6d3d5c-26da-45b3-2977-d9ebc53aac3d', 'NV-0124', 'Vũ Nam Giang', 0, 0, '1977-10-26', 0, '11452b0c-768e-5ff7-0d63-eeb1d8ed8cef', 'Trưởng chi nhánh', '3027514887', '2005-04-07', 'Kiên Giang', '275 Đinh Tiên Hoàng - Hai Bà Trưng - Hà Nội', '0984508989', '0984842808', 'yunpa1867@yahoo.com.vn', '7791862340', 'Ngân hàng Á Châu', 'Khuất Duy Tiến - Hoàn Kiếm - Hà Nội', '2013-10-21 00:03:02', 'Lưu Tuấn Thọ ', '2021-01-01 02:44:10', 'Lưu Nhật Giang '),
('4db9a514-6d87-2ec1-3b35-0028ed526dd0', 'NV-0244', 'Phan Tuấn Dương', 0, 1, '1979-12-11', 0, '17120d02-6ab5-3e43-18cb-66948daf6128', NULL, '7182885767', '1999-12-11', 'TP HCM', 'Ngõ 68/95/44 Dương Đình Nghệ - Thanh Xuân - Hà Nội', '0988825523', '0986972408', 'namxiao7106@outlook.com', '6253919671', 'Ngân hàng Á Châu', 'Dương Đình Nghệ - Bắc Từ Liêm - Hà Nội', '2013-07-19 04:18:33', 'Lương Nam Hải ', '2021-03-05 22:18:52', 'Nguyễn Nam Long '),
('4dd0746a-6f49-64fa-1d77-d9ebc53aac3d', 'NV-0367', 'Lã Nhật Thọ', 1, 0, NULL, 0, '4e272fc4-7875-78d6-7d32-6a1673ffca7c', 'Trưởng chi nhánh', '0579757294', NULL, 'Nam Định', NULL, NULL, '0988988887', NULL, '8824187920', NULL, 'Nguyễn Trãi - Nam Từ Liêm - Hà Nội', NULL, NULL, '2021-08-27 06:24:17', 'Triệu Nam Long '),
('4e2c885d-5347-35dc-79f6-423b4e874d0f', 'NV-0200', 'Nguyễn Nhật Thiếu', 0, 0, '1970-01-07', 0, '4e272fc4-7875-78d6-7d32-6a1673ffca7c', NULL, '6933859450', '1990-01-07', 'Thái Bình', 'Ngõ 13/84 Hoàng Cầu - Nam Từ Liêm - Hà Nội', '0226942738', NULL, 'hyunhyun1352@gmail.com', '4773797928', 'Ngân hàng Quân Đội', NULL, '2013-01-01 02:41:11', 'Lục Bình Long ', NULL, NULL),
('4eb131b8-234a-632f-4b35-0028ed526dd0', 'NV-0224', 'Phạm Nam Hải', 0, 0, NULL, 0, '142cb08f-7c31-21fa-8e90-67245e8b283e', NULL, '1700089890', NULL, 'Nghệ An', NULL, NULL, '0333454752', NULL, '0134945254', NULL, 'Phạm Hồng Thái - Hà Đông - Hà Nội', NULL, NULL, '2021-10-31 21:54:44', 'Phạm Văn Tùng '),
('4efc95ad-2cc2-3f45-bed2-89b22d10517e', 'NV-0204', 'Hoàng Tuấn Phúc', 0, 1, '2001-04-03', 0, '768f8e64-7d10-20c9-967d-e8c757976496', 'Trưởng chi nhánh', '3180060602', '2003-12-11', 'Hà Nam', 'Ngõ 69/94/14 Khuất Duy Tiến - Cầu Giấy - Hà Nội', '0226257429', '0987573993', 'bossbiet1676@outlook.com', '6086202913', 'Ngân hàng Techcombank', 'Phạm Hồng Thái - Hai Bà Trưng - Hà Nội', '2015-09-07 11:39:28', 'Hoàng Bình Lương ', '2022-07-27 06:16:24', 'Phan Nam Giang '),
('4f65f6c1-4525-16e5-4135-0028ed526dd0', 'NV-0054', 'Đào Tuấn Dũng', 0, 0, NULL, 0, '17120d02-6ab5-3e43-18cb-66948daf6128', 'Giám đốc', '9308519012', NULL, NULL, NULL, NULL, '0262035731', NULL, '3630365344', NULL, 'Đinh Tiên Hoàng - Cầu Giấy - Hà Nội', NULL, NULL, '2022-07-25 16:39:30', 'Nguyễn Bình Long '),
('4f6e3234-1da4-7273-c7d2-89b22d10517e', 'NV-0064', 'Lưu Nhật Dũng', 0, 0, NULL, 0, '17120d02-6ab5-3e43-18cb-66948daf6128', NULL, '5007943910', NULL, 'Thái Bình', NULL, '0986346904', '0986378026', NULL, '3564926004', NULL, 'Đinh Tiên Hoàng - Hoàn Kiếm - Hà Nội', '2013-11-02 00:34:08', 'Phan An Đức ', '2021-01-01 00:01:07', 'Triệu Bình Kiệt '),
('500b6761-1631-4f3a-c0d2-89b22d10517e', 'NV-0137', 'Triệu An Phương', 0, 0, '1979-08-17', 2, '11452b0c-768e-5ff7-0d63-eeb1d8ed8cef', 'Nhân viên', '7592803333', '1992-03-18', NULL, '187 Đinh Tiên Hoàng - Hoàn Kiếm - Hà Nội', '0262781802', NULL, 'hyunhyun9528@gmail.com.vn', '4059811285', 'Ngân hàng Á Châu', 'Khuất Duy Tiến - Hà Đông - Hà Nội', '2013-01-01 00:00:55', 'Nguyễn Văn Dương ', '2022-05-28 05:44:15', 'Nguyễn An Long '),
('50253399-32d6-3154-5535-0028ed526dd0', 'NV-0284', 'Nguyễn Như Anh', 0, 1, '1983-03-23', 1, '469b3ece-744a-45d5-957d-e8c757976496', NULL, '4974682829', '2019-06-25', 'Hà Nam', '464 Nguyễn Trãi - Hoàn Kiếm - Hà Nội', '0988715869', '0986769139', 'auhyun6272@gmail.com.vn', '2864964555', 'Ngân hàng Techcombank', 'Khuất Duy Tiến - Cầu Giấy - Hà Nội', '2013-01-01 01:38:10', 'Lã  Như\r\nHuyền', '2021-01-01 00:00:05', 'Lưu Nhật Thiềm '),
('506acf1e-5331-67a9-0d77-d9ebc53aac3d', 'NV-0243', 'Vũ Nhật Thiềm', 0, 1, NULL, 0, '17120d02-6ab5-3e43-18cb-66948daf6128', 'Trưởng bộ phận', '3019996161', NULL, 'Hà Tĩnh', NULL, NULL, '0987059547', NULL, '1593811427', NULL, 'Khuất Duy Tiến - Cầu Giấy - Hà Nội', '2020-03-15 22:16:11', 'Triệu Tiến Phúc ', '2022-06-01 13:21:00', 'Lưu An Hoàng '),
('50b49b1f-3df8-4b52-db1d-086412a8ea97', 'NV-0165', 'Lưu Lan Hoa', 0, 1, '1970-01-18', 1, '469b3ece-744a-45d5-957d-e8c757976496', 'Trưởng bộ phận', '4287053392', '1990-01-18', 'Hà Nam', 'Ngõ 23/13 Nguyễn Trãi - Hai Bà Trưng - Hà Nội', '0333661868', NULL, 'auhyun7676@outlook.com', '0245280369', 'Ngân hàng Techcombank', 'Đinh Tiên Hoàng - Hà Đông - Hà Nội', '2013-11-13 13:07:20', 'Lục An Phúc ', '2021-01-17 17:31:46', 'Lục An Sơn '),
('50c07587-55d5-5b36-1b77-d9ebc53aac3d', 'NV-0291', 'Lương An Nam', 0, 0, '1995-04-19', 0, '17120d02-6ab5-3e43-18cb-66948daf6128', 'Nhân viên', '6436460136', '2013-09-10', 'Thái Bình', 'Ngõ 97/53 Đinh Tiên Hoàng - Hoàn Kiếm - Hà Nội', '0984343375', '0987454693', 'xuhyun0386@gmail.com.vn', '8954493704', 'Ngân hàng Vietcombank', 'Đinh Tiên Hoàng - Hoàng Mai - Hà Nội', '2013-01-01 00:27:32', 'Vũ Văn Long ', '2021-09-17 03:01:09', 'Lã Tiến Thành '),
('5163ba6d-4e5a-4043-df1d-086412a8ea97', 'NV-0115', 'Vũ An Trâm', 0, 0, NULL, 2, '4577565a-7e3e-493a-74dd-867949feb8b5', NULL, '9194236847', NULL, 'Hải Phòng', '32 Khuất Duy Tiến - Hà Đông - Hà Nội', '0333216970', '0986593567', 'trunghyun2959@outlook.com', '6908330018', 'Ngân hàng Quân Đội', 'Đinh Tiên Hoàng - Hai Bà Trưng - Hà Nội', '2016-03-11 02:57:15', 'Lương An Hoàng ', '2021-01-18 01:52:58', 'Triệu Tuấn Hoàn '),
('517035f8-43a9-4c59-72f6-423b4e874d0f', 'NV-0142', 'Đào Thùy Ánh', 0, 0, NULL, 1, '768f8e64-7d10-20c9-967d-e8c757976496', NULL, '2185707607', NULL, NULL, NULL, NULL, '0333231588', NULL, '1592283960', NULL, 'Nguyễn Trãi - Cầu Giấy - Hà Nội', NULL, NULL, '2023-02-04 02:32:16', 'Lục Văn Giang '),
('51b5ac10-6dea-17ad-2080-de64d090a2c2', 'NV-0279', 'Lã Thị My', 0, 0, NULL, 2, '11452b0c-768e-5ff7-0d63-eeb1d8ed8cef', 'Trưởng chi nhánh', '6907591497', NULL, 'Nghệ An', '337 Khuất Duy Tiến - Nam Từ Liêm - Hà Nội', '0988070527', '0987888590', 'letgo3106@yahoo.com', '3979285333', 'Ngân hàng Techcombank', 'Khuất Duy Tiến - Thanh Xuân - Hà Nội', '2020-02-10 13:30:04', 'Phạm Tiến Gia ', '2022-04-06 04:16:44', 'Hoàng Tuấn Phúc '),
('51c6e7d3-53bf-49ae-8a41-c1ec321fe728', 'NV-0309', 'Triệu Nam Đức', 0, 1, '1970-07-13', 0, '768f8e64-7d10-20c9-967d-e8c757976496', 'Trưởng bộ phận', '1142213912', '2010-07-22', 'Hà Tĩnh', 'Ngõ 55/88 Dương Đình Nghệ - Cầu Giấy - Hà Nội', '0333705510', '0984625765', 'hyunhyun7250@gmail.com.vn', '2251444360', 'Ngân hàng Đông Á', 'Dương Đình Nghệ - Ba Đình - Hà Nội', '2014-12-04 20:13:51', 'Lưu Nam Anh ', '2021-05-30 16:13:54', 'Phạm Tiến Hoàn '),
('524751f2-1577-523d-ce1d-086412a8ea97', 'NV-0076', 'Phạm Thị Yên', 0, 1, '1970-01-07', 2, '11452b0c-768e-5ff7-0d63-eeb1d8ed8cef', 'Giám đốc', '8534222326', '1990-01-07', 'TP HCM', 'Ngõ 75/35/86 Nguyễn Trãi - Bắc Từ Liêm - Hà Nội', '0262240326', NULL, 'namxiao6501@outlook.com.vn', '8027087829', 'Ngân hàng Đông Á', 'Dương Đình Nghệ - Hà Đông - Hà Nội', '2014-10-09 09:40:48', 'Vũ Nhật Thành ', '2021-10-01 01:57:57', 'Phan Bình Long '),
('5254e49d-4368-3162-29c2-579daad24557', 'NV-0143', 'Lã Thùy Thanh', 0, 0, NULL, 1, '768f8e64-7d10-20c9-967d-e8c757976496', 'Chuyên viên', '6285252943', NULL, NULL, 'Ngõ 99/77/84 Đinh Tiên Hoàng - Hoàng Mai - Hà Nội', '0984768989', NULL, 'trunghyun8757@outlook.com.vn', '8051641832', 'Ngân hàng Quân Đội', 'Nguyễn Trãi - Hoàn Kiếm - Hà Nội', '2017-03-11 08:03:58', 'Lương An Hoàn ', '2023-03-15 12:46:44', 'Phạm Nhật Gia '),
('527e293c-2185-6d0a-5580-7ed9d1ea06ea', 'NV-0109', 'Đào Tuấn Long', 1, 0, '2000-01-02', 0, '4e272fc4-7875-78d6-7d32-6a1673ffca7c', 'Trưởng phòng', '4312680720', '1995-08-16', 'Hà Nội', '48 Dương Đình Nghệ - Hoàng Mai - Hà Nội', '0262847794', '0262761182', 'hyunhyun6974@outlook.com', '8036329219', 'Ngân hàng Đông Á', 'Khuất Duy Tiến - Hoàn Kiếm - Hà Nội', '2020-09-04 15:05:59', 'Vũ Nhật Lương ', '2021-10-02 15:49:48', 'Triệu Tiến Tùng '),
('52a36f9d-42d4-6841-38c2-579daad24557', 'NV-0278', 'Vũ Tiến Hải', 0, 0, '1985-08-09', 0, '17120d02-6ab5-3e43-18cb-66948daf6128', NULL, '5894815328', '2015-07-18', 'Hòa Bình', 'Ngõ 49/11 Đinh Tiên Hoàng - Hai Bà Trưng - Hà Nội', '0986046219', '0984320889', 'xuhyun3620@yahoo.com', '9684095007', 'Ngân hàng Viettinbank', NULL, '2014-10-22 04:13:07', 'Lương  Ngọc\r\nChinh', NULL, NULL),
('535ddd98-1493-7909-1e80-de64d090a2c2', 'NV-0398', 'Lương Tuấn Hoàn', 0, 0, NULL, 0, '469b3ece-744a-45d5-957d-e8c757976496', NULL, '1325540120', NULL, 'Kiên Giang', NULL, NULL, NULL, NULL, '2291610926', NULL, 'Phạm Hồng Thái - Hà Đông - Hà Nội', '2015-03-04 08:22:57', 'Hoàng  An\r\nThanh', '2021-01-01 00:00:39', 'Lương Nhật Kiệt '),
('53f68d51-267f-2d1e-8241-c1ec321fe728', 'NV-0003', 'Triệu Tiến Thiềm', 0, 0, '1976-09-09', 0, '768f8e64-7d10-20c9-967d-e8c757976496', 'Trưởng phòng', '2482625925', '2020-11-09', 'Hòa Bình', '453 Nguyễn Trãi - Bắc Từ Liêm - Hà Nội', '0988429511', NULL, 'authen4341@outlook.com.vn', '1837826203', 'Ngân hàng Quân Đội', 'Khuất Duy Tiến - Ba Đình - Hà Nội', '2020-08-21 00:01:02', 'Triệu Tuấn Long ', '2021-01-01 00:16:16', 'Lương Nhật Hoàn '),
('5440d89a-638d-5382-47c2-579daad24557', 'NV-0077', 'Triệu Nam Dương', 1, 0, '1987-10-21', 0, '4e272fc4-7875-78d6-7d32-6a1673ffca7c', 'Trưởng chi nhánh', '2984773374', '2016-02-22', 'Nam Định', 'Ngõ 88/12 Dương Đình Nghệ - Hà Đông - Hà Nội', '0986045702', '0987908082', 'papa6463@gmail.com.vn', '1442362703', ' Ngân hàng Sacombank', 'Hoàng Cầu - Hoàng Mai - Hà Nội', '2013-01-01 00:25:09', 'Vũ Nhật Dương ', '2023-03-22 21:07:54', 'Đào Tuấn Long '),
('56249d42-1aee-20b3-3fc2-579daad24557', 'NV-0119', 'Hoàng Nam Kiệt', 0, 0, '1970-11-23', 0, '4577565a-7e3e-493a-74dd-867949feb8b5', 'Trưởng bộ phận', '0282792997', '1990-11-23', 'Sơn La', '23 Đinh Tiên Hoàng - Hoàng Mai - Hà Nội', '0987944024', '0986958260', 'papa4816@yahoo.com.vn', '6028912811', 'Ngân hàng Đông Á', 'Hoàng Cầu - Ba Đình - Hà Nội', '2013-01-01 00:00:57', 'Nguyễn  Thị\r\nPhương', '2021-08-07 15:17:15', 'Đào Tiến Kiệt '),
('56313fc9-7b84-1517-3080-de64d090a2c2', 'NV-0071', 'Nguyễn Nhật Dương', 0, 1, NULL, 0, '469b3ece-744a-45d5-957d-e8c757976496', 'Giám đốc', '8346964450', NULL, 'Hà Nam', NULL, '0333678659', NULL, NULL, '6870265237', NULL, 'Phạm Hồng Thái - Hoàn Kiếm - Hà Nội', '2017-09-26 16:57:03', 'Hoàng An Phúc ', '2021-01-01 02:33:48', 'Phan Tiến Thiềm '),
('564127b8-58f3-46f3-7df6-423b4e874d0f', 'NV-0395', 'Lã Ngọc Hòa', 1, 0, NULL, 1, '4e272fc4-7875-78d6-7d32-6a1673ffca7c', NULL, '3800462288', NULL, 'Hà Nội', NULL, NULL, NULL, NULL, '6247830475', NULL, 'Phạm Hồng Thái - Thanh Xuân - Hà Nội', NULL, NULL, '2022-05-11 01:44:35', 'Phan  Như\r\nLinh'),
('565c3832-2fbc-2ad0-4735-0028ed526dd0', 'NV-0074', 'Phan Lan Hòa', 1, 0, NULL, 1, '768f8e64-7d10-20c9-967d-e8c757976496', 'Chuyên viên', '7476003932', NULL, 'Nam Định', NULL, NULL, NULL, NULL, '6958908105', NULL, 'Nguyễn Trãi - Hà Đông - Hà Nội', NULL, NULL, '2021-01-01 01:38:35', 'Lục An Huy '),
('5697b103-5179-7ac3-d31d-086412a8ea97', 'NV-0368', 'Đào Tiến Tùng', 0, 0, '1991-12-31', 0, '768f8e64-7d10-20c9-967d-e8c757976496', NULL, '8755703180', '2018-11-25', NULL, 'Ngõ 59/44/54 Nguyễn Trãi - Hai Bà Trưng - Hà Nội', '0333569857', '0333239943', 'letco4179@gmail.com', '9803659855', 'Ngân hàng Viettinbank', 'Phạm Hồng Thái - Ba Đình - Hà Nội', '2014-03-08 21:09:16', 'Nguyễn Tiến Thiếu ', '2023-08-15 18:45:39', 'Lương Văn Tùng '),
('56aaf263-3355-23ea-b8d2-89b22d10517e', 'NV-0287', 'Phạm Nhật Tùng', 0, 0, '2000-09-15', 0, '142cb08f-7c31-21fa-8e90-67245e8b283e', NULL, '6929606442', '2014-03-04', 'Thái Bình', 'Ngõ 84/71/72 Đinh Tiên Hoàng - Hoàng Mai - Hà Nội', '0262747569', '0987699577', 'letco3797@yahoo.com', '8517472914', 'Ngân hàng Techcombank', 'Dương Đình Nghệ - Bắc Từ Liêm - Hà Nội', '2019-11-20 04:42:35', 'Lưu Nhật Hoàn ', '2021-01-01 02:37:34', 'Lương Bình Long '),
('56dce332-76f0-6b9b-5080-7ed9d1ea06ea', 'NV-0008', 'Vũ Thùy Loan', 0, 0, '1981-12-28', 1, '469b3ece-744a-45d5-957d-e8c757976496', 'Nhân viên', '6454081385', '2002-07-29', NULL, '42 Phạm Hồng Thái - Cầu Giấy - Hà Nội', '0988736194', '0333558649', 'authen5340@gmail.com.vn', '5317848851', 'Ngân hàng Vietcombank', 'Khuất Duy Tiến - Bắc Từ Liêm - Hà Nội', '2018-03-16 03:48:07', 'Triệu Nhật Anh ', '2021-11-24 00:59:03', 'Hoàng An Lộc '),
('57cdf8c4-47e3-5560-7e41-c1ec321fe728', 'NV-0091', 'Triệu Như Hoa', 0, 0, NULL, 1, '4e272fc4-7875-78d6-7d32-6a1673ffca7c', 'Phó giám đốc', '7180246790', NULL, 'Hải Phòng', NULL, NULL, '0988225224', NULL, '9198127381', NULL, 'Đinh Tiên Hoàng - Thanh Xuân - Hà Nội', NULL, NULL, '2021-03-07 20:53:13', 'Hoàng Tuấn Hoàng '),
('57d4e925-6e28-208d-9741-c1ec321fe728', 'NV-0112', 'Phan Nhật Hải', 0, 0, NULL, 0, '142cb08f-7c31-21fa-8e90-67245e8b283e', 'Giám đốc', '1301157991', NULL, NULL, NULL, '0986811085', NULL, NULL, '4069586793', NULL, 'Khuất Duy Tiến - Nam Từ Liêm - Hà Nội', NULL, NULL, '2022-05-16 01:21:28', 'Hoàng Tiến Anh '),
('57dc4273-5c51-4aea-4d35-0028ed526dd0', 'NV-0024', 'Phan Mai Hoa', 0, 0, '1986-06-24', 2, '17120d02-6ab5-3e43-18cb-66948daf6128', NULL, '6865312573', '2006-12-10', 'Nghệ An', 'Ngõ 69/49 Đinh Tiên Hoàng - Nam Từ Liêm - Hà Nội', '0333616261', NULL, 'letco2455@gmail.com', '8604904330', ' Ngân hàng Sacombank', 'Đinh Tiên Hoàng - Ba Đình - Hà Nội', '2013-01-01 00:14:14', 'Lục Tiến Huy ', '2022-01-13 19:44:32', 'Đào Nam Huy '),
('57e65423-37f0-74b0-71f6-423b4e874d0f', 'NV-0297', 'Lưu Văn Hoàn', 0, 1, NULL, 0, '768f8e64-7d10-20c9-967d-e8c757976496', 'Trưởng bộ phận', '0307313170', NULL, 'Hà Nam', 'Ngõ 56/28 Dương Đình Nghệ - Cầu Giấy - Hà Nội', '0987822457', '0984299518', 'auhyun5446@yahoo.com.vn', '2905108415', 'Ngân hàng Đông Á', 'Đinh Tiên Hoàng - Thanh Xuân - Hà Nội', '2016-10-30 20:24:24', 'Hoàng An Tùng ', '2021-07-25 22:18:12', 'Lưu  Lan\r\nChinh'),
('58afd6b5-2205-64f6-9341-c1ec321fe728', 'NV-0236', 'Vũ Như Hiền', 0, 0, NULL, 1, '469b3ece-744a-45d5-957d-e8c757976496', 'Chuyên viên', '2916437487', NULL, 'Thái Bình', NULL, '0987779548', NULL, NULL, '5023504740', NULL, 'Đinh Tiên Hoàng - Cầu Giấy - Hà Nội', '2014-03-22 12:43:22', 'Đào Bình Thiếu ', '2022-01-11 06:00:57', 'Lã Bình Đức '),
('58e49fff-2a42-4ce7-1c77-d9ebc53aac3d', 'NV-0269', 'Triệu Bình Thiềm', 1, 0, NULL, 2, '11452b0c-768e-5ff7-0d63-eeb1d8ed8cef', 'Trưởng bộ phận', '5681784915', NULL, 'Hà Nội', NULL, '0988380319', NULL, NULL, '7763306894', NULL, 'Dương Đình Nghệ - Nam Từ Liêm - Hà Nội', '2020-02-20 19:12:57', 'Lưu Bình Nam ', '2021-01-01 00:00:03', 'Lưu Tiến Thiềm '),
('592aba45-4643-52ff-c1d2-89b22d10517e', 'NV-0027', 'Triệu Tiến Hoàn', 0, 0, '1997-12-06', 0, '17120d02-6ab5-3e43-18cb-66948daf6128', NULL, '7405052233', '2011-12-01', NULL, 'Ngõ 65/43/39 Phạm Hồng Thái - Cầu Giấy - Hà Nội', '0987206196', '0333066930', 'tienlen8517@outlook.com.vn', '6751992660', 'Ngân hàng Đông Á', 'Dương Đình Nghệ - Hoàn Kiếm - Hà Nội', '2015-05-22 14:43:10', 'Phan  Lan\r\nThanh', '2021-06-10 17:00:14', 'Nguyễn Tiến Thọ '),
('5957cf32-7c84-1987-1635-60b3ebf808a9', 'NV-0196', 'Triệu Bình Nam', 0, 0, NULL, 0, '768f8e64-7d10-20c9-967d-e8c757976496', NULL, '4521922329', NULL, 'Kiên Giang', NULL, NULL, '0988308183', NULL, '8511070072', NULL, 'Đinh Tiên Hoàng - Ba Đình - Hà Nội', NULL, NULL, '2023-04-02 21:39:09', 'Hoàng Nam Thành '),
('595e7d51-318c-39e8-1377-d9ebc53aac3d', 'NV-0217', 'Nguyễn Lan Ngân', 0, 0, NULL, 1, '17120d02-6ab5-3e43-18cb-66948daf6128', 'Giám đốc', '6504421916', NULL, NULL, 'Ngõ 67/97/16 Phạm Hồng Thái - Ba Đình - Hà Nội', '0984151944', NULL, 'xuhyun1403@gmail.com', '6055415911', 'Ngân hàng Vietcombank', 'Phạm Hồng Thái - Hà Đông - Hà Nội', '2017-11-04 03:00:17', 'Phan Nam Thiếu ', '2022-06-24 02:58:48', 'Hoàng Bình Hoàng '),
('59a2f614-253e-1202-6480-7ed9d1ea06ea', 'NV-0231', 'Lã Mai Ngân', 0, 0, NULL, 2, '469b3ece-744a-45d5-957d-e8c757976496', NULL, '7075453223', NULL, 'Nghệ An', NULL, NULL, NULL, NULL, '8552810403', NULL, 'Khuất Duy Tiến - Hoàn Kiếm - Hà Nội', '2017-05-03 20:45:46', 'Vũ  Mai\r\nTrâm', '2023-02-21 03:14:48', 'Triệu Văn Long '),
('5a841b92-791c-78df-5180-7ed9d1ea06ea', 'NV-0205', 'Lương Lan Diễm', 0, 0, NULL, 1, '4577565a-7e3e-493a-74dd-867949feb8b5', NULL, '6511080227', NULL, 'Thái Bình', NULL, '0262538205', '0987556307', NULL, '7568716827', NULL, 'Dương Đình Nghệ - Cầu Giấy - Hà Nội', '2013-01-01 00:00:12', 'Nguyễn An Thiếu ', '2022-03-06 22:17:01', 'Lương Bình Hoàn '),
('5b92dd14-27d6-12d0-0e35-60b3ebf808a9', 'NV-0347', 'Lưu Nhật Nam', 0, 1, NULL, 0, '4577565a-7e3e-493a-74dd-867949feb8b5', 'Trưởng phòng', '6372738076', NULL, 'Hà Tĩnh', NULL, NULL, '0984346493', NULL, '8096524242', NULL, 'Khuất Duy Tiến - Bắc Từ Liêm - Hà Nội', '2017-05-06 12:31:38', 'Đào Văn Giang ', '2021-06-24 02:16:40', 'Đào Văn Đức '),
('5c762b70-6ca3-4343-2880-de64d090a2c2', 'NV-0178', 'Đào Thị Chinh', 0, 0, NULL, 2, '768f8e64-7d10-20c9-967d-e8c757976496', 'Trưởng chi nhánh', '7653288918', NULL, NULL, NULL, NULL, '0226920283', NULL, '1315015412', NULL, 'Dương Đình Nghệ - Thanh Xuân - Hà Nội', '2013-01-01 00:00:04', 'Phan An Nam ', '2022-11-05 22:21:27', 'Triệu Nhật Kiệt '),
('5c7f0ec4-77f2-3794-cf1d-086412a8ea97', 'NV-0029', 'Lục Thùy Quỳnh', 0, 0, '1997-01-26', 1, '11452b0c-768e-5ff7-0d63-eeb1d8ed8cef', 'Giám đốc', '6722201253', '1999-03-24', 'Thái Bình', 'Ngõ 52/58 Phạm Hồng Thái - Hà Đông - Hà Nội', '0986607369', NULL, 'yunpa2926@outlook.com.vn', '1255465154', 'Ngân hàng Á Châu', 'Phạm Hồng Thái - Hà Đông - Hà Nội', '2019-03-16 12:18:43', 'Lưu An Thọ ', '2022-02-02 07:43:04', 'Vũ An Hải '),
('5c85f9f2-1de1-4f0a-3e35-0028ed526dd0', 'NV-0221', 'Triệu An Quỳnh', 0, 1, '1970-05-08', 2, '4577565a-7e3e-493a-74dd-867949feb8b5', 'Chuyên viên', '3931256416', '2001-01-31', 'TP HCM', '966 Nguyễn Trãi - Thanh Xuân - Hà Nội', '0333052673', '0333817030', 'tienlen0896@outlook.com', '5911935387', 'Ngân hàng Đông Á', 'Hoàng Cầu - Nam Từ Liêm - Hà Nội', '2017-04-25 00:05:30', 'Nguyễn Văn Anh ', '2021-01-07 07:53:06', 'Phạm Tuấn Thọ '),
('5cc649e9-60e1-5050-5435-0028ed526dd0', 'NV-0019', 'Triệu Thùy Anh', 0, 0, NULL, 1, '11452b0c-768e-5ff7-0d63-eeb1d8ed8cef', NULL, '1777374836', NULL, NULL, NULL, '0333569351', '0987063460', NULL, '5570180408', NULL, 'Đinh Tiên Hoàng - Hoàng Mai - Hà Nội', '2016-04-05 12:49:12', 'Lưu Nhật Hải ', '2021-01-01 00:00:09', 'Lục Nhật Lương '),
('5dc832b0-169a-1395-37c2-579daad24557', 'NV-0072', 'Phan Tuấn Đức', 0, 0, '1970-09-01', 0, '11452b0c-768e-5ff7-0d63-eeb1d8ed8cef', 'Trưởng bộ phận', '3302325187', '1990-08-11', NULL, '11 Dương Đình Nghệ - Bắc Từ Liêm - Hà Nội', '0226156442', '0333804187', 'hyunhyun6581@gmail.com', '0074834494', 'Ngân hàng Á Châu', 'Phạm Hồng Thái - Hoàn Kiếm - Hà Nội', '2013-01-01 00:00:07', 'Vũ An Anh ', '2021-01-01 00:00:49', 'Lưu Bình Gia '),
('5de704c2-573f-1a71-1a80-de64d090a2c2', 'NV-0371', 'Lưu Thị Quỳnh', 0, 0, NULL, 2, '469b3ece-744a-45d5-957d-e8c757976496', NULL, '2045461226', NULL, NULL, NULL, NULL, '0333618689', NULL, '1945083937', NULL, 'Hoàng Cầu - Hà Đông - Hà Nội', NULL, NULL, '2022-05-04 14:52:32', 'Lưu Văn Gia '),
('5e07660f-437a-6b63-4ac2-579daad24557', 'NV-0041', 'Lục Bình Hoàn', 0, 0, '2000-06-22', 2, '4e272fc4-7875-78d6-7d32-6a1673ffca7c', 'Nhân viên', '2818272196', '1995-01-22', NULL, 'Ngõ 25/54/57 Dương Đình Nghệ - Hoàn Kiếm - Hà Nội', '0984375239', NULL, 'xuhyun5068@gmail.com', '4542233069', 'Ngân hàng Techcombank', 'Đinh Tiên Hoàng - Hà Đông - Hà Nội', '2020-07-14 20:17:46', 'Đào Bình Hoàng ', '2021-01-01 00:30:20', 'Nguyễn Nhật Huy '),
('5eaa6527-768d-3ae7-1977-d9ebc53aac3d', 'NV-0005', 'Nguyễn Thùy Ngát', 0, 0, NULL, 1, '4577565a-7e3e-493a-74dd-867949feb8b5', 'Phó giám đốc', '1936558854', NULL, 'Nghệ An', NULL, NULL, '0987552225', NULL, '5897830069', NULL, 'Phạm Hồng Thái - Cầu Giấy - Hà Nội', '2015-03-28 21:00:23', 'Lục An Phúc ', '2021-01-01 00:00:45', 'Triệu Nhật Anh '),
('5edb2be2-7849-4909-c2d2-89b22d10517e', 'NV-0353', 'Lương Như Anh', 0, 0, NULL, 1, '768f8e64-7d10-20c9-967d-e8c757976496', NULL, '6627721959', NULL, 'Hòa Bình', '66 Khuất Duy Tiến - Hai Bà Trưng - Hà Nội', '0986763145', '0333067372', 'bossbiet9953@outlook.com.vn', '0847397902', 'Ngân hàng Viettinbank', 'Dương Đình Nghệ - Hoàn Kiếm - Hà Nội', '2015-06-08 05:29:02', 'Đào Văn Hải ', '2021-01-01 00:08:22', 'Nguyễn Tiến Phúc '),
('5f03d745-7702-1c85-2bc2-579daad24557', 'NV-0120', 'Phạm Thị Phượng', 0, 1, '1979-08-18', 2, '768f8e64-7d10-20c9-967d-e8c757976496', 'Giám đốc', '2363413804', '1994-03-24', 'Hà Nam', 'Ngõ 87/98 Đinh Tiên Hoàng - Bắc Từ Liêm - Hà Nội', '0986582478', '0984080950', 'letco5220@gmail.com.vn', '0427182172', 'Ngân hàng Quân Đội', 'Phạm Hồng Thái - Ba Đình - Hà Nội', '2014-07-15 05:38:17', 'Hoàng Tuấn Lương ', '2023-08-27 02:37:45', 'Triệu Nam Lộc '),
('5f4b1d0a-247b-7049-4435-0028ed526dd0', 'NV-0248', 'Hoàng Như Giang', 0, 0, NULL, 1, '768f8e64-7d10-20c9-967d-e8c757976496', 'Chuyên viên', '0739274868', NULL, 'Sơn La', '539 Dương Đình Nghệ - Hoàn Kiếm - Hà Nội', '0988233042', '0984888995', 'letgo5580@yahoo.com.vn', '7216894248', 'Ngân hàng Techcombank', 'Dương Đình Nghệ - Hà Đông - Hà Nội', '2014-06-28 19:16:45', 'Phạm Bình Huy ', '2022-02-03 02:08:02', 'Vũ Nhật Dương '),
('5fab4ff7-1b8e-64d0-1880-de64d090a2c2', 'NV-0238', 'Lã Như Chinh', 0, 0, '1983-01-15', 1, '142cb08f-7c31-21fa-8e90-67245e8b283e', 'Trưởng chi nhánh', '2284567808', '2003-01-15', NULL, 'Ngõ 26/98/13 Dương Đình Nghệ - Hoàn Kiếm - Hà Nội', '0333385499', NULL, 'papa5532@outlook.com', '7809695191', ' Ngân hàng Sacombank', 'Nguyễn Trãi - Hoàn Kiếm - Hà Nội', '2014-10-25 07:47:21', 'Triệu Văn Tùng ', '2023-09-14 03:23:15', 'Lục An Lộc '),
('5fb9392a-4ad5-1fe7-76f6-423b4e874d0f', 'NV-0257', 'Phạm Ngọc Phương', 0, 0, NULL, 1, '4577565a-7e3e-493a-74dd-867949feb8b5', NULL, '6417492602', NULL, NULL, NULL, NULL, '0984183855', NULL, '5000943058', NULL, 'Phạm Hồng Thái - Hai Bà Trưng - Hà Nội', '2015-03-27 17:33:39', 'Lưu Tiến Đức ', '2021-08-21 14:08:35', 'Vũ Tiến Nam '),
('5fd0a411-5945-70f7-4a35-0028ed526dd0', 'NV-0391', 'Phan Tuấn Giang', 0, 0, '1971-05-12', 0, '17120d02-6ab5-3e43-18cb-66948daf6128', NULL, '8703627154', '2014-12-31', 'Hải Phòng', '23 Đinh Tiên Hoàng - Ba Đình - Hà Nội', '0988612009', NULL, 'xiao0887@yahoo.com', '9917946600', 'Ngân hàng Viettinbank', NULL, '2016-08-02 09:14:53', 'Đào An Lộc ', NULL, NULL),
('60b57ac2-2e01-384d-2980-de64d090a2c2', 'NV-0304', 'Vũ Thùy Ngát', 0, 0, NULL, 1, '4577565a-7e3e-493a-74dd-867949feb8b5', NULL, '3551040957', NULL, 'Kiên Giang', NULL, '0226326862', '0984627219', NULL, '9424642641', NULL, 'Đinh Tiên Hoàng - Cầu Giấy - Hà Nội', '2013-09-30 03:50:54', 'Phan Văn Thọ ', '2021-12-15 18:13:50', 'Hoàng Nam Anh '),
('60fa924e-77de-55f3-2377-d9ebc53aac3d', 'NV-0332', 'Phạm Nam Thành', 0, 0, '1997-07-07', 0, '11452b0c-768e-5ff7-0d63-eeb1d8ed8cef', NULL, '2233688690', '1993-06-07', NULL, 'Ngõ 71/49/87 Khuất Duy Tiến - Ba Đình - Hà Nội', '0986761471', '0262128208', 'auhyun3565@gmail.com', '5354267683', 'Ngân hàng Á Châu', NULL, '2016-10-02 22:17:07', 'Lục Tuấn Giang ', NULL, NULL),
('611bb57c-5f6c-434c-c5d2-89b22d10517e', 'NV-0140', 'Lương Tiến Huy', 0, 0, '1986-11-22', 0, '4e272fc4-7875-78d6-7d32-6a1673ffca7c', NULL, '8478269943', '2021-07-08', 'Kiên Giang', 'Ngõ 91/52/58 Đinh Tiên Hoàng - Cầu Giấy - Hà Nội', '0262093252', NULL, 'yunpa2040@outlook.com', '5525674651', 'Ngân hàng Quân Đội', 'Hoàng Cầu - Bắc Từ Liêm - Hà Nội', '2015-05-25 10:56:11', 'Lục An Thọ ', '2021-01-01 01:24:55', 'Đào Bình Anh '),
('613afd47-2fc1-15ed-0735-60b3ebf808a9', 'NV-0354', 'Lương An Xuân', 0, 0, '1977-11-12', 2, '469b3ece-744a-45d5-957d-e8c757976496', NULL, '0972199530', '1990-11-11', 'Kiên Giang', 'Ngõ 77/11 Dương Đình Nghệ - Bắc Từ Liêm - Hà Nội', '0333908967', '0988003737', 'tienlen2672@yahoo.com.vn', '8941889292', 'Ngân hàng Techcombank', NULL, '2013-01-01 00:00:08', 'Lã Nhật Long ', NULL, NULL),
('619ecbc4-37bc-19ea-6ff6-423b4e874d0f', 'NV-0359', 'Hoàng Nam Hoàn', 0, 0, NULL, 0, '768f8e64-7d10-20c9-967d-e8c757976496', 'Nhân viên', '9297462999', NULL, NULL, NULL, NULL, '0986356780', NULL, '2898187231', NULL, 'Hoàng Cầu - Cầu Giấy - Hà Nội', '2015-04-06 20:28:46', 'Phạm Nhật Huy ', '2023-08-04 23:38:31', 'Hoàng Nam Thiềm '),
('61cc168f-3524-218a-2b80-de64d090a2c2', 'NV-0333', 'Đào Nhật Lộc', 0, 0, '1970-01-05', 0, '469b3ece-744a-45d5-957d-e8c757976496', NULL, '2378291286', '1990-01-05', NULL, '466 Nguyễn Trãi - Thanh Xuân - Hà Nội', '0333610666', '0226295570', 'trunghyun5734@outlook.com.vn', '3351928017', ' Ngân hàng Sacombank', NULL, '2015-11-13 04:53:36', 'Lục Tuấn Anh ', NULL, NULL),
('623727c0-4fb7-573d-c3d2-89b22d10517e', 'NV-0022', 'Hoàng Như Hoa', 0, 0, NULL, 1, '17120d02-6ab5-3e43-18cb-66948daf6128', NULL, '0749261056', NULL, 'Nghệ An', NULL, NULL, '0987739104', NULL, '4077505077', NULL, 'Đinh Tiên Hoàng - Ba Đình - Hà Nội', NULL, NULL, '2021-01-01 00:11:41', 'Lương Nhật Long '),
('62563348-7bd5-6519-3c35-0028ed526dd0', 'NV-0214', 'Phan An Hoa', 0, 0, NULL, 2, '469b3ece-744a-45d5-957d-e8c757976496', 'Trưởng bộ phận', '0312942590', NULL, 'Hòa Bình', NULL, NULL, NULL, NULL, '2198271372', NULL, 'Đinh Tiên Hoàng - Hoàng Mai - Hà Nội', '2016-12-22 09:47:49', 'Phan Tuấn Huy ', '2021-01-01 01:37:34', 'Nguyễn Tuấn Hoàng '),
('62af2231-78a7-7caa-cd1d-086412a8ea97', 'NV-0296', 'Nguyễn An Tùng', 0, 1, NULL, 2, '4e272fc4-7875-78d6-7d32-6a1673ffca7c', 'Giám đốc', '2990356780', NULL, 'TP HCM', '26 Phạm Hồng Thái - Hoàng Mai - Hà Nội', '0226293265', '0987820346', 'trunghyun8455@yahoo.com.vn', '2353909929', 'Ngân hàng Quân Đội', 'Hoàng Cầu - Hà Đông - Hà Nội', '2018-08-02 02:05:49', 'Lục Tiến Kiệt ', '2021-01-01 00:00:06', 'Phạm Nhật Sơn '),
('6349b25b-78e2-2d06-2780-de64d090a2c2', 'NV-0336', 'Lưu Tiến Hoàn', 0, 0, '1982-06-12', 0, '4e272fc4-7875-78d6-7d32-6a1673ffca7c', NULL, '2883679706', '1995-11-21', 'Sơn La', 'Ngõ 92/46 Hoàng Cầu - Cầu Giấy - Hà Nội', '0988514812', '0333539778', 'papa4051@yahoo.com.vn', '0332401816', ' Ngân hàng Sacombank', 'Nguyễn Trãi - Hai Bà Trưng - Hà Nội', '2013-01-01 00:45:33', 'Lưu Nam Sơn ', '2023-01-17 16:03:40', 'Đào Văn Giang '),
('6385cdf4-650b-6946-7cf6-423b4e874d0f', 'NV-0089', 'Đào Nam Hải', 0, 0, '2000-09-20', 0, '142cb08f-7c31-21fa-8e90-67245e8b283e', NULL, '8696148728', '2001-02-16', 'Nghệ An', 'Ngõ 57/56 Phạm Hồng Thái - Hà Đông - Hà Nội', '0986373132', NULL, 'auhyun2423@yahoo.com', '7500915946', 'Ngân hàng Techcombank', NULL, '2013-01-01 00:01:15', 'Triệu Nam Thành ', NULL, NULL),
('6399a2a5-2afd-3384-da1d-086412a8ea97', 'NV-0090', 'Đào An Huyền', 0, 0, NULL, 2, '17120d02-6ab5-3e43-18cb-66948daf6128', 'Trưởng chi nhánh', '0215579821', NULL, 'Sơn La', NULL, NULL, NULL, NULL, '3058054625', NULL, 'Phạm Hồng Thái - Hoàn Kiếm - Hà Nội', '2013-01-01 00:01:31', 'Lương An Phúc ', '2022-06-14 10:05:40', 'Lã Tuấn Thành '),
('6485b64f-7835-65a4-8041-c1ec321fe728', 'NV-0025', 'Đào Mai Huyền', 0, 0, '1972-05-17', 2, '11452b0c-768e-5ff7-0d63-eeb1d8ed8cef', NULL, '5352603470', '1992-05-17', NULL, '33 Đinh Tiên Hoàng - Ba Đình - Hà Nội', '0987442277', '0226046241', 'xuhyun8554@outlook.com.vn', '9550657906', 'Ngân hàng Techcombank', 'Phạm Hồng Thái - Hoàn Kiếm - Hà Nội', '2018-05-21 23:12:42', 'Vũ Tuấn Lương ', '2022-04-20 04:27:58', 'Hoàng Nhật Nam '),
('65334c99-4eec-773c-2c77-d9ebc53aac3d', 'NV-0270', 'Lục Như Loan', 0, 0, '1997-01-01', 1, '4e272fc4-7875-78d6-7d32-6a1673ffca7c', NULL, '4923455839', '2007-12-06', 'Hòa Bình', '786 Hoàng Cầu - Nam Từ Liêm - Hà Nội', '0986229971', '0988995528', 'yunpa4280@yahoo.com', '2822995286', ' Ngân hàng Sacombank', 'Đinh Tiên Hoàng - Hoàng Mai - Hà Nội', '2018-08-15 14:08:41', 'Nguyễn Tiến Hoàng ', '2021-10-15 11:25:01', 'Đào  Ngọc\r\nHòa'),
('65ecf5c2-5298-156e-d51d-086412a8ea97', 'NV-0060', 'Đào Như Yên', 0, 0, NULL, 1, '17120d02-6ab5-3e43-18cb-66948daf6128', 'Chuyên viên', '9220127083', NULL, 'Hòa Bình', NULL, NULL, '0986526628', NULL, '2663858692', NULL, 'Hoàng Cầu - Thanh Xuân - Hà Nội', '2017-05-11 20:01:44', 'Lương Bình Thành ', '2022-11-24 19:00:44', 'Phạm Tuấn Thiềm '),
('66ef0b11-1892-1443-1877-d9ebc53aac3d', 'NV-0210', 'Đào Văn Dũng', 0, 0, NULL, 0, '469b3ece-744a-45d5-957d-e8c757976496', 'Trưởng chi nhánh', '0829511356', NULL, 'Thái Bình', NULL, '0984823928', NULL, NULL, '7630606790', NULL, 'Phạm Hồng Thái - Thanh Xuân - Hà Nội', '2014-04-26 08:13:01', 'Lưu An Hoàn ', '2023-03-31 12:37:02', 'Phan Nam Tùng '),
('677132b4-2a33-68d1-26c2-579daad24557', 'NV-0326', 'Nguyễn Thùy Loan', 0, 1, NULL, 1, '4e272fc4-7875-78d6-7d32-6a1673ffca7c', 'Giám đốc', '3912169493', NULL, 'TP HCM', '789 Hoàng Cầu - Hà Đông - Hà Nội', '0986269729', NULL, 'xiao7879@outlook.com', '6758960676', 'Ngân hàng Techcombank', 'Dương Đình Nghệ - Hoàng Mai - Hà Nội', '2016-02-03 18:12:39', 'Triệu Tuấn Thọ ', '2021-01-12 15:26:07', 'Lục Bình Tùng '),
('67e3818b-56b7-4eb0-5c80-7ed9d1ea06ea', 'NV-0185', 'Nguyễn Mai Thanh', 0, 1, NULL, 2, '17120d02-6ab5-3e43-18cb-66948daf6128', NULL, '7712229592', NULL, 'TP HCM', '98 Hoàng Cầu - Hoàn Kiếm - Hà Nội', '0262181281', NULL, 'yunpa1686@yahoo.com.vn', '2818120322', 'Ngân hàng Đông Á', 'Dương Đình Nghệ - Ba Đình - Hà Nội', '2016-01-01 15:14:14', 'Lưu Văn Giang ', '2021-01-01 00:00:05', 'Lã An Nam '),
('68c6083a-3e64-63ed-49c2-579daad24557', 'NV-0103', 'Vũ Như Huyền', 0, 0, '1971-10-05', 1, '768f8e64-7d10-20c9-967d-e8c757976496', 'Chuyên viên', '9417998828', '1991-10-05', NULL, 'Ngõ 22/36/29 Phạm Hồng Thái - Hai Bà Trưng - Hà Nội', '0333155522', NULL, 'tienlen1853@outlook.com', '1728047348', 'Ngân hàng Vietcombank', 'Đinh Tiên Hoàng - Hà Đông - Hà Nội', '2013-01-01 00:00:35', 'Hoàng Nam Sơn ', '2022-01-20 08:32:49', 'Đào Nhật Anh '),
('6a50ecc3-384e-2a54-2177-d9ebc53aac3d', 'NV-0388', 'Phan Ngọc Diễm', 1, 0, '1994-06-02', 1, '469b3ece-744a-45d5-957d-e8c757976496', NULL, '0380485096', '2020-02-09', 'Nam Định', 'Ngõ 62/39/35 Khuất Duy Tiến - Hoàng Mai - Hà Nội', '0262681299', '0226229788', 'xiao6691@gmail.com.vn', '4105189122', 'Ngân hàng Á Châu', 'Dương Đình Nghệ - Bắc Từ Liêm - Hà Nội', '2014-03-06 10:32:29', 'Lục An Đức ', '2022-12-31 20:33:37', 'Đào  Thị\r\nGiang'),
('6a763a51-4322-5c5a-b5d2-89b22d10517e', 'NV-0301', 'Lưu Nam Dũng', 0, 1, '1997-09-20', 0, '11452b0c-768e-5ff7-0d63-eeb1d8ed8cef', 'Trưởng chi nhánh', '9302538672', '2013-06-05', 'Hà Tĩnh', 'Ngõ 23/12 Hoàng Cầu - Hoàng Mai - Hà Nội', '0984222579', '0984452447', 'xiao3860@gmail.com.vn', '6146937873', 'Ngân hàng Techcombank', 'Phạm Hồng Thái - Hoàn Kiếm - Hà Nội', '2018-11-19 06:34:17', 'Lục An Long ', '2021-01-01 02:05:18', 'Vũ Tuấn Đức '),
('6b003232-3bbd-7f5b-2f77-d9ebc53aac3d', 'NV-0381', 'Lục Thị Huyền', 0, 0, NULL, 2, '768f8e64-7d10-20c9-967d-e8c757976496', 'Nhân viên', '0226515517', NULL, 'Hòa Bình', NULL, '0987672981', NULL, NULL, '9773715175', NULL, 'Phạm Hồng Thái - Ba Đình - Hà Nội', '2020-09-12 20:39:13', 'Đào Tiến Huy ', '2023-01-27 23:02:59', 'Phạm Văn Anh '),
('6b12b154-39d3-1a5b-2280-de64d090a2c2', 'NV-0314', 'Đào Nhật Lương', 0, 0, '1995-09-29', 0, '142cb08f-7c31-21fa-8e90-67245e8b283e', 'Giám đốc', '4588488594', '1990-02-08', 'Kiên Giang', 'Ngõ 32/14/76 Khuất Duy Tiến - Hoàn Kiếm - Hà Nội', '0986182402', '0333498285', 'tienlen6374@yahoo.com', '1291553001', 'Ngân hàng Á Châu', 'Nguyễn Trãi - Hoàn Kiếm - Hà Nội', '2013-01-01 00:00:22', 'Phan Bình Anh ', '2023-08-20 13:32:28', 'Đào Nhật Thọ '),
('6b3600cd-500f-4faf-5035-0028ed526dd0', 'NV-0262', 'Vũ Thùy Xuân', 0, 1, NULL, 1, '142cb08f-7c31-21fa-8e90-67245e8b283e', 'Trưởng bộ phận', '4613389567', NULL, 'Hà Tĩnh', 'Ngõ 68/54/78 Đinh Tiên Hoàng - Ba Đình - Hà Nội', '0988549122', '0988969422', 'auhyun1506@outlook.com', '0048959686', ' Ngân hàng Sacombank', 'Khuất Duy Tiến - Ba Đình - Hà Nội', '2015-12-10 11:05:15', 'Lưu Văn Phúc ', '2022-01-17 13:44:32', 'Lưu  Như\r\nHiền'),
('6b45cb9f-6de5-7a17-2d77-d9ebc53aac3d', 'NV-0118', 'Lương Nhật Hoàng', 0, 0, '1994-11-09', 0, '768f8e64-7d10-20c9-967d-e8c757976496', 'Giám đốc', '5649692707', '1990-05-06', 'Hòa Bình', '97 Dương Đình Nghệ - Bắc Từ Liêm - Hà Nội', '0262603945', NULL, 'auhyun6744@yahoo.com', '7228582824', 'Ngân hàng Techcombank', 'Nguyễn Trãi - Nam Từ Liêm - Hà Nội', '2013-01-01 00:00:29', 'Hoàng Văn Hải ', '2021-09-20 16:16:24', 'Phạm Văn Hoàn '),
('6b550b8f-7ff9-51bc-0f77-d9ebc53aac3d', 'NV-0312', 'Triệu Lan Vy', 0, 0, NULL, 1, '17120d02-6ab5-3e43-18cb-66948daf6128', 'Trưởng bộ phận', '0660463249', NULL, 'Nghệ An', NULL, NULL, '0333246427', NULL, '7407891853', NULL, 'Hoàng Cầu - Hà Đông - Hà Nội', NULL, NULL, '2021-09-21 14:10:15', 'Triệu Nhật Dương '),
('6b76d607-7d60-38a2-5680-7ed9d1ea06ea', 'NV-0289', 'Vũ Thùy Phương', 1, 0, '1996-04-11', 1, '4e272fc4-7875-78d6-7d32-6a1673ffca7c', NULL, '1838458877', '1997-12-19', 'Hà Nội', '41 Phạm Hồng Thái - Bắc Từ Liêm - Hà Nội', '0987753700', '0262993377', 'yunpa5249@gmail.com', '3972233606', 'Ngân hàng Techcombank', NULL, '2013-12-01 04:32:38', 'Lưu Văn Hải ', NULL, NULL),
('6b9348f5-1362-7ba5-1235-60b3ebf808a9', 'NV-0001', 'Lương Tiến Hoàng', 0, 1, NULL, 0, '142cb08f-7c31-21fa-8e90-67245e8b283e', NULL, '3999388980', NULL, NULL, NULL, '0986231382', '0333727202', NULL, '6852542809', NULL, 'Nguyễn Trãi - Thanh Xuân - Hà Nội', '2019-01-08 16:16:15', 'Vũ An Kiệt ', '2023-11-03 21:54:45', 'Phạm Nguyễn Nguyên Hải'),
('6bb2a723-7c18-1df2-0b35-60b3ebf808a9', 'NV-0107', 'Đào Mai Yên', 0, 0, NULL, 2, '142cb08f-7c31-21fa-8e90-67245e8b283e', NULL, '5392065571', NULL, 'Kiên Giang', NULL, '0226026725', NULL, NULL, '5754118282', NULL, 'Nguyễn Trãi - Hoàn Kiếm - Hà Nội', '2013-01-01 00:00:41', 'Triệu Tuấn Giang ', '2022-11-07 18:40:49', 'Lã An Thiếu '),
('6c5b9fe7-14c9-3bb5-b4d2-89b22d10517e', 'NV-0218', 'Nguyễn Tuấn Dũng', 0, 1, '1999-04-05', 0, '11452b0c-768e-5ff7-0d63-eeb1d8ed8cef', NULL, '4539976947', '2017-05-25', 'TP HCM', 'Ngõ 93/76 Phạm Hồng Thái - Hà Đông - Hà Nội', '0987890891', '0988570683', 'auhyun6336@gmail.com.vn', '9256865934', ' Ngân hàng Sacombank', NULL, '2013-01-01 00:00:07', 'Triệu Tuấn Gia ', NULL, NULL),
('6c80a684-1cb5-41af-ff34-60b3ebf808a9', 'NV-0356', 'Vũ Nhật Hải', 0, 1, '1976-04-16', 0, '17120d02-6ab5-3e43-18cb-66948daf6128', 'Nhân viên', '4367505134', '2014-03-11', 'TP HCM', 'Ngõ 77/87/93 Nguyễn Trãi - Cầu Giấy - Hà Nội', '0988047390', '0987107076', 'yunpa3394@gmail.com.vn', '2743898918', 'Ngân hàng Đông Á', 'Hoàng Cầu - Cầu Giấy - Hà Nội', '2013-01-01 01:19:23', 'Lưu An Dũng ', '2023-09-22 14:26:45', 'Phan  Thị\r\nXuân'),
('6d489b13-7396-7986-1577-d9ebc53aac3d', 'NV-0147', 'Lã An Hoàn', 1, 0, '1973-02-01', 2, '142cb08f-7c31-21fa-8e90-67245e8b283e', NULL, '7584597256', '2000-10-06', 'Nam Định', 'Ngõ 48/95/14 Dương Đình Nghệ - Hoàn Kiếm - Hà Nội', '0987324651', NULL, 'yunpa6056@gmail.com.vn', '3358048922', 'Ngân hàng Viettinbank', 'Phạm Hồng Thái - Hoàn Kiếm - Hà Nội', '2018-11-06 14:06:16', 'Triệu Nhật Lộc ', '2021-01-01 00:15:57', 'Phạm An Huy '),
('6d7def1b-4b7e-52aa-8f41-c1ec321fe728', 'NV-0271', 'Đào Thùy Chinh', 0, 0, NULL, 1, '4e272fc4-7875-78d6-7d32-6a1673ffca7c', NULL, '8556597725', NULL, NULL, NULL, NULL, NULL, NULL, '9767926270', NULL, 'Phạm Hồng Thái - Nam Từ Liêm - Hà Nội', '2019-08-23 17:28:25', 'Triệu Văn Hải ', '2022-09-09 09:14:10', 'Phạm Nhật Đức '),
('6dcdb6b6-273a-6aaa-8541-c1ec321fe728', 'NV-0256', 'Phạm An Nam', 0, 0, '1988-06-20', 0, '17120d02-6ab5-3e43-18cb-66948daf6128', 'Trưởng phòng', '0164375671', '2014-09-06', NULL, '511 Đinh Tiên Hoàng - Nam Từ Liêm - Hà Nội', '0262007363', '0986128682', 'hyunhyun2061@outlook.com.vn', '9056283646', 'Ngân hàng Techcombank', 'Dương Đình Nghệ - Hoàn Kiếm - Hà Nội', '2013-06-22 06:40:19', 'Đào Tiến Hoàng ', '2021-01-01 00:35:58', 'Lã Nam Thiềm '),
('6e3f7a8c-2f78-16a9-36c2-579daad24557', 'NV-0340', 'Lưu Lan Yên', 0, 0, '1978-04-25', 1, '4e272fc4-7875-78d6-7d32-6a1673ffca7c', NULL, '9111068618', '1998-04-25', NULL, '11 Đinh Tiên Hoàng - Hoàng Mai - Hà Nội', '0333874857', '0333706783', 'xuhyun3334@yahoo.com', '7394349625', 'Ngân hàng Techcombank', NULL, '2013-05-05 00:07:02', 'Phạm Nam Phúc ', NULL, NULL),
('6e5bdc72-59a2-5141-7af6-423b4e874d0f', 'NV-0281', 'Lục Tuấn Thiếu', 0, 0, NULL, 0, '17120d02-6ab5-3e43-18cb-66948daf6128', NULL, '7303719991', NULL, 'Nghệ An', NULL, NULL, '0987384655', NULL, '4100236497', NULL, 'Nguyễn Trãi - Thanh Xuân - Hà Nội', '2018-03-20 18:09:43', 'Lương  Thị\r\nLinh', '2023-03-23 02:52:25', 'Nguyễn An Hoàn '),
('6e60b234-643f-288e-7ff6-423b4e874d0f', 'NV-0195', 'Vũ Lan Linh', 0, 0, '1991-06-27', 1, '17120d02-6ab5-3e43-18cb-66948daf6128', 'Trưởng phòng', '1219100791', '2014-02-14', NULL, '59 Phạm Hồng Thái - Cầu Giấy - Hà Nội', '0988198653', NULL, 'bossbiet6398@yahoo.com.vn', '8800524194', 'Ngân hàng Techcombank', 'Nguyễn Trãi - Hai Bà Trưng - Hà Nội', '2018-11-11 11:37:20', 'Nguyễn Tiến Phúc ', '2021-01-01 00:01:33', 'Phan Tiến Nam '),
('6f1014db-2ff0-613b-bdd2-89b22d10517e', 'NV-0339', 'Phan Nhật Đức', 0, 1, NULL, 0, '4e272fc4-7875-78d6-7d32-6a1673ffca7c', 'Trưởng bộ phận', '6006912693', NULL, 'TP HCM', 'Ngõ 71/83/94 Phạm Hồng Thái - Ba Đình - Hà Nội', '0984794050', NULL, 'bossbiet8924@outlook.com', '1788827852', 'Ngân hàng Viettinbank', 'Hoàng Cầu - Hai Bà Trưng - Hà Nội', '2019-08-25 00:04:19', 'Vũ Tuấn Gia ', '2023-05-16 02:06:34', 'Hoàng Nhật Kiệt '),
('6f51ea57-13b2-139f-1177-d9ebc53aac3d', 'NV-0179', 'Triệu Nam Thiếu', 0, 1, NULL, 0, '142cb08f-7c31-21fa-8e90-67245e8b283e', 'Phó giám đốc', '6025564077', NULL, 'Hà Tĩnh', NULL, NULL, '0226965018', NULL, '0007286674', NULL, 'Hoàng Cầu - Hà Đông - Hà Nội', '2020-07-30 10:14:11', 'Phạm Nam Dũng ', '2022-03-03 18:13:20', 'Lương  Ngọc\r\nMy'),
('707e1336-6584-55de-8341-c1ec321fe728', 'NV-0203', 'Lương Như Bích', 0, 0, '1970-03-03', 1, '768f8e64-7d10-20c9-967d-e8c757976496', 'Trưởng chi nhánh', '5975873239', '1990-03-03', NULL, 'Ngõ 25/71 Khuất Duy Tiến - Hoàng Mai - Hà Nội', '0984930823', '0984128169', 'letgo4638@outlook.com', '7895531333', 'Ngân hàng Quân Đội', 'Đinh Tiên Hoàng - Hoàng Mai - Hà Nội', '2016-01-20 05:02:23', 'Vũ Văn Thọ ', '2022-10-17 22:36:15', 'Phạm Nhật Tùng '),
('70aead00-2db5-77f7-2277-d9ebc53aac3d', 'NV-0355', 'Hoàng Nhật Tùng', 0, 0, NULL, 0, '4e272fc4-7875-78d6-7d32-6a1673ffca7c', NULL, '4730193278', NULL, 'Thái Bình', 'Ngõ 69/89 Nguyễn Trãi - Hai Bà Trưng - Hà Nội', '0333968774', '0988016703', 'namxiao6060@outlook.com.vn', '5852873864', 'Ngân hàng Quân Đội', 'Dương Đình Nghệ - Nam Từ Liêm - Hà Nội', '2013-05-12 22:35:19', 'Lưu An Thiềm ', '2022-08-07 03:17:33', 'Lã Bình Hoàn '),
('721b7460-7378-2203-0435-60b3ebf808a9', 'NV-0335', 'Hoàng An Hoàn', 0, 0, '1986-11-11', 2, '4577565a-7e3e-493a-74dd-867949feb8b5', NULL, '0780002640', '2011-09-01', 'Hải Phòng', '372 Nguyễn Trãi - Hoàn Kiếm - Hà Nội', '0987377338', '0226796691', 'letco9056@outlook.com.vn', '3053408047', 'Ngân hàng Techcombank', NULL, '2014-07-08 16:26:57', 'Hoàng Bình Dương ', NULL, NULL),
('72fe5819-3c8c-3651-cad2-89b22d10517e', 'NV-0102', 'Vũ An Bích', 0, 0, NULL, 2, '17120d02-6ab5-3e43-18cb-66948daf6128', 'Giám đốc', '7878972361', NULL, NULL, 'Ngõ 76/49 Phạm Hồng Thái - Hai Bà Trưng - Hà Nội', '0984110732', NULL, 'tienlen1155@gmail.com', '2354735328', 'Ngân hàng Viettinbank', 'Phạm Hồng Thái - Hoàng Mai - Hà Nội', '2013-01-01 00:00:07', 'Vũ Tiến Hoàng ', '2021-01-01 00:00:53', 'Lã Tuấn Thành '),
('73dc79e1-1ccb-35a6-0235-60b3ebf808a9', 'NV-0166', 'Đào An An', 1, 0, NULL, 2, '17120d02-6ab5-3e43-18cb-66948daf6128', 'Phó giám đốc', '0430967329', NULL, 'Hà Nội', NULL, NULL, '0984149832', NULL, '0929361127', NULL, 'Dương Đình Nghệ - Bắc Từ Liêm - Hà Nội', NULL, NULL, '2022-11-27 10:08:00', 'Lục Tuấn Hoàn '),
('75ec2fe2-5965-48e6-9141-c1ec321fe728', 'NV-0237', 'Vũ Nhật Hoàng', 0, 1, '1991-02-03', 0, '469b3ece-744a-45d5-957d-e8c757976496', NULL, '8488681273', '2001-12-29', 'Hà Tĩnh', '523 Phạm Hồng Thái - Hai Bà Trưng - Hà Nội', '0226446344', NULL, 'namxiao2953@gmail.com.vn', '1987197750', ' Ngân hàng Sacombank', 'Hoàng Cầu - Hai Bà Trưng - Hà Nội', '2015-04-12 21:26:16', 'Phan Nhật Anh ', '2022-02-24 22:36:42', 'Nguyễn Nhật Dương '),
('762cf9e5-356b-56d7-5f80-7ed9d1ea06ea', 'NV-0227', 'Vũ Bình Gia', 0, 0, NULL, 2, '469b3ece-744a-45d5-957d-e8c757976496', 'Phó giám đốc', '4058999062', NULL, NULL, NULL, '0987866201', NULL, NULL, '6633699253', NULL, 'Phạm Hồng Thái - Hà Đông - Hà Nội', '2015-02-21 09:02:54', 'Đào Nhật Anh ', '2021-01-01 00:00:54', 'Vũ Nhật Thành '),
('7649b7c1-509e-4f94-6580-7ed9d1ea06ea', 'NV-0007', 'Lục Bình Long', 0, 1, '1980-04-03', 2, '469b3ece-744a-45d5-957d-e8c757976496', 'Trưởng phòng', '4961450620', '1991-04-22', 'Hà Tĩnh', '232 Khuất Duy Tiến - Ba Đình - Hà Nội', '0987655107', '0988317294', 'papa9725@yahoo.com', '7694015756', 'Ngân hàng Đông Á', 'Dương Đình Nghệ - Hà Đông - Hà Nội', '2013-01-01 00:12:33', 'Hoàng  An\r\nDiễm', '2022-11-19 16:42:53', 'Vũ Nhật Hoàn '),
('76b3b772-27f3-37bf-75f6-423b4e874d0f', 'NV-0151', 'Lương Thùy Thanh', 0, 0, NULL, 1, '11452b0c-768e-5ff7-0d63-eeb1d8ed8cef', 'Trưởng phòng', '7186194500', NULL, 'Kiên Giang', NULL, NULL, '0986394889', NULL, '8308240890', NULL, 'Đinh Tiên Hoàng - Bắc Từ Liêm - Hà Nội', '2019-10-28 20:39:34', 'Đào Tuấn Huy ', '2022-09-16 17:53:27', 'Nguyễn Văn Dũng '),
('76cc3313-3932-7e97-4635-0028ed526dd0', 'NV-0094', 'Lục Nhật Long', 0, 0, NULL, 0, '4577565a-7e3e-493a-74dd-867949feb8b5', 'Trưởng chi nhánh', '9010454931', NULL, 'Nghệ An', NULL, NULL, '0226020362', NULL, '2908586975', NULL, 'Khuất Duy Tiến - Hà Đông - Hà Nội', NULL, NULL, '2022-06-23 15:59:38', 'Lục Bình Phúc '),
('778c67bd-6967-345e-2e77-d9ebc53aac3d', 'NV-0327', 'Phan Lan Vy', 0, 1, '1980-08-30', 1, '469b3ece-744a-45d5-957d-e8c757976496', NULL, '5568609300', '2005-09-04', 'Hà Nam', 'Ngõ 22/75/66 Đinh Tiên Hoàng - Hoàn Kiếm - Hà Nội', '0333509299', '0987628992', 'authen3686@outlook.com.vn', '5721926448', 'Ngân hàng Đông Á', 'Khuất Duy Tiến - Hà Đông - Hà Nội', '2016-03-03 13:27:08', 'Lục An Thành ', '2021-05-17 07:02:09', 'Hoàng Nam Hoàng '),
('77d03350-6ba4-226c-77f6-423b4e874d0f', 'NV-0009', 'Triệu Tiến Tùng', 0, 1, '1975-05-13', 0, '4e272fc4-7875-78d6-7d32-6a1673ffca7c', 'Nhân viên', '1982241633', '2001-07-29', 'Hà Tĩnh', '328 Dương Đình Nghệ - Hai Bà Trưng - Hà Nội', '0986633009', NULL, 'namxiao2371@outlook.com.vn', '8496473644', 'Ngân hàng Đông Á', 'Hoàng Cầu - Hoàn Kiếm - Hà Nội', '2017-06-27 11:01:13', 'Lương Nam Giang ', '2021-01-01 00:00:08', 'Phan Nhật Lương '),
('78b1d514-338c-3cdc-8641-c1ec321fe728', 'NV-0177', 'Triệu Lan Loan', 0, 1, '1987-04-01', 1, '469b3ece-744a-45d5-957d-e8c757976496', 'Trưởng bộ phận', '1490505666', '1991-07-04', 'Hà Tĩnh', 'Ngõ 61/88 Hoàng Cầu - Thanh Xuân - Hà Nội', '0262843202', '0262443177', 'papa9007@gmail.com.vn', '7825846137', 'Ngân hàng Đông Á', 'Khuất Duy Tiến - Hoàng Mai - Hà Nội', '2020-02-12 06:43:43', 'Phạm Nhật Anh ', '2022-11-11 08:40:08', 'Vũ Bình Hoàn '),
('7976650d-4e86-2615-8c41-c1ec321fe728', 'NV-0050', 'Phạm An Loan', 0, 0, '1999-11-22', 2, '4577565a-7e3e-493a-74dd-867949feb8b5', 'Trưởng phòng', '7023840733', '1990-11-21', NULL, '86 Đinh Tiên Hoàng - Hai Bà Trưng - Hà Nội', '0226364775', '0226976508', 'hyunhyun8620@outlook.com', '3285967549', ' Ngân hàng Sacombank', 'Đinh Tiên Hoàng - Hoàn Kiếm - Hà Nội', '2020-07-11 21:09:01', 'Vũ Văn Anh ', '2021-05-18 16:38:33', 'Vũ Nam Gia '),
('79806d6f-4830-6311-2577-d9ebc53aac3d', 'NV-0342', 'Lưu Tiến Anh', 0, 0, NULL, 0, '17120d02-6ab5-3e43-18cb-66948daf6128', 'Nhân viên', '5080681445', NULL, 'Hải Phòng', 'Ngõ 89/64 Dương Đình Nghệ - Hoàng Mai - Hà Nội', '0333877634', '0226892983', 'xuhyun5299@outlook.com.vn', '5006848196', 'Ngân hàng Techcombank', 'Phạm Hồng Thái - Nam Từ Liêm - Hà Nội', '2013-01-01 00:10:43', 'Phan An Thành ', '2022-05-10 13:47:25', 'Hoàng Bình Lương '),
('79dadd0d-69fa-5e30-35c2-579daad24557', 'NV-0207', 'Lục Mai Vy', 0, 0, '1970-01-10', 2, '4e272fc4-7875-78d6-7d32-6a1673ffca7c', NULL, '3174247537', '1990-01-10', 'Sơn La', '19 Hoàng Cầu - Hà Đông - Hà Nội', '0333960769', '0988129975', 'letco1200@gmail.com.vn', '3210905937', 'Ngân hàng Viettinbank', NULL, '2018-12-02 09:04:39', 'Triệu Bình Nam ', NULL, NULL),
('7a1114ad-76c4-3734-1f77-d9ebc53aac3d', 'NV-0096', 'Đào Thùy Quỳnh', 1, 0, NULL, 1, '17120d02-6ab5-3e43-18cb-66948daf6128', NULL, '8572415733', NULL, 'Hà Nội', NULL, '0333966622', '0333551861', NULL, '3677502507', NULL, 'Phạm Hồng Thái - Cầu Giấy - Hà Nội', '2016-04-18 09:15:12', 'Lương Tiến Phúc ', '2021-01-01 00:00:09', 'Lục Tuấn Kiệt '),
('7a301ea4-331e-73f6-1a77-d9ebc53aac3d', 'NV-0334', 'Triệu An Long', 0, 0, NULL, 2, '142cb08f-7c31-21fa-8e90-67245e8b283e', 'Phó giám đốc', '9656065879', NULL, 'Hải Phòng', NULL, NULL, '0987931039', NULL, '4313471766', NULL, 'Hoàng Cầu - Bắc Từ Liêm - Hà Nội', '2013-01-01 00:50:37', 'Triệu Văn Phúc ', '2022-06-03 12:12:10', 'Phạm  Như\r\nNgân'),
('7a3fbd10-76db-716b-48c2-579daad24557', 'NV-0345', 'Lục Bình Dũng', 0, 0, '1974-10-15', 2, '142cb08f-7c31-21fa-8e90-67245e8b283e', 'Trưởng chi nhánh', '2821603584', '2009-05-10', 'Hòa Bình', '211 Dương Đình Nghệ - Cầu Giấy - Hà Nội', '0333832155', '0333578840', 'bossbiet7361@yahoo.com', '3171251231', 'Ngân hàng Á Châu', 'Dương Đình Nghệ - Hoàn Kiếm - Hà Nội', '2015-09-26 20:15:26', 'Phan Văn Phúc ', '2021-01-01 00:01:20', 'Phạm Nhật Giang '),
('7ad34860-1ac8-7ad7-d01d-086412a8ea97', 'NV-0219', 'Lương Lan Anh', 0, 1, NULL, 1, '142cb08f-7c31-21fa-8e90-67245e8b283e', 'Nhân viên', '0524244616', NULL, 'Hà Tĩnh', NULL, '0986022970', '0333863450', NULL, '1439645905', NULL, 'Đinh Tiên Hoàng - Hai Bà Trưng - Hà Nội', '2013-01-01 00:00:07', 'Vũ Tiến Phúc ', '2021-01-01 00:00:04', 'Vũ Văn Đức '),
('7b666cc3-1b67-6037-67f6-423b4e874d0f', 'NV-0343', 'Lưu An Linh', 0, 0, '1988-09-14', 2, '11452b0c-768e-5ff7-0d63-eeb1d8ed8cef', NULL, '9262683407', '2008-06-08', NULL, '296 Khuất Duy Tiến - Hai Bà Trưng - Hà Nội', '0262022300', '0988147059', 'trunghyun3078@yahoo.com', '3238710569', 'Ngân hàng Á Châu', 'Khuất Duy Tiến - Ba Đình - Hà Nội', '2014-07-28 14:03:47', 'Vũ Bình Gia ', '2022-08-20 09:49:20', 'Phan Văn Dương '),
('7bc9331d-7764-5dd7-80f6-423b4e874d0f', 'NV-0053', 'Nguyễn An Dũng', 0, 0, '2000-07-13', 2, '17120d02-6ab5-3e43-18cb-66948daf6128', 'Chuyên viên', '7729032918', '2008-04-07', NULL, '81 Hoàng Cầu - Thanh Xuân - Hà Nội', '0988807828', NULL, 'yunpa2184@yahoo.com.vn', '4625833028', 'Ngân hàng Quân Đội', NULL, '2015-03-26 13:35:12', 'Phan Tuấn Hải ', NULL, NULL),
('7bd9cf39-3f55-3a7b-0035-60b3ebf808a9', 'NV-0245', 'Triệu Mai Yên', 0, 1, NULL, 2, '11452b0c-768e-5ff7-0d63-eeb1d8ed8cef', 'Phó giám đốc', '0007180179', NULL, 'TP HCM', NULL, '0226036182', '0262258762', NULL, '2263891427', NULL, 'Khuất Duy Tiến - Cầu Giấy - Hà Nội', '2016-12-18 06:44:46', 'Lục Văn Phúc ', '2022-05-12 05:34:43', 'Triệu  Thùy\r\nXuân'),
('7c1ae6ac-6c72-7436-2dc2-579daad24557', 'NV-0052', 'Hoàng Nhật Hoàng', 0, 0, NULL, 0, '768f8e64-7d10-20c9-967d-e8c757976496', NULL, '1200784633', NULL, NULL, NULL, NULL, NULL, NULL, '1389715532', NULL, NULL, '2014-01-23 00:07:52', 'Hoàng Nam Kiệt ', NULL, NULL),
('7c59ba0b-4768-4115-3477-d9ebc53aac3d', 'NV-0318', 'Hoàng Nam Hoàng', 0, 0, '1996-04-18', 0, '469b3ece-744a-45d5-957d-e8c757976496', 'Giám đốc', '1342513011', '2012-01-12', NULL, '68 Hoàng Cầu - Ba Đình - Hà Nội', '0262942094', NULL, 'letgo8974@outlook.com.vn', '3437036286', 'Ngân hàng Viettinbank', NULL, NULL, NULL, NULL, NULL),
('7c6c70d9-2ed5-49d8-81f6-423b4e874d0f', 'NV-0223', 'Vũ Nam Hải', 0, 0, '1970-01-27', 0, '4e272fc4-7875-78d6-7d32-6a1673ffca7c', 'Trưởng bộ phận', '6792171890', '1990-01-27', NULL, 'Ngõ 36/63 Khuất Duy Tiến - Bắc Từ Liêm - Hà Nội', '0987851799', NULL, 'auhyun6569@outlook.com', '3754803108', 'Ngân hàng Viettinbank', 'Phạm Hồng Thái - Hà Đông - Hà Nội', '2013-01-01 00:00:54', 'Triệu Nam Thiềm ', '2022-06-26 12:13:16', 'Vũ Văn Anh '),
('7c86746a-4284-356e-e11d-086412a8ea97', 'NV-0144', 'Đào Mai Hòa', 0, 0, NULL, 2, '11452b0c-768e-5ff7-0d63-eeb1d8ed8cef', NULL, '0213488002', NULL, 'Thái Bình', NULL, '0226279224', NULL, NULL, '1841837840', NULL, 'Dương Đình Nghệ - Hai Bà Trưng - Hà Nội', '2018-07-31 10:11:43', 'Đào Tuấn Sơn ', '2021-11-01 05:40:23', 'Lục Bình Sơn '),
('7d7c8cbb-3c1b-7e12-6680-7ed9d1ea06ea', 'NV-0111', 'Lưu Tuấn Giang', 0, 0, '1975-04-30', 0, '4577565a-7e3e-493a-74dd-867949feb8b5', 'Giám đốc', '5126465830', '2002-01-28', 'Hải Phòng', '57 Khuất Duy Tiến - Bắc Từ Liêm - Hà Nội', '0984147275', '0984429498', 'letco7627@gmail.com', '2647071989', 'Ngân hàng Đông Á', 'Dương Đình Nghệ - Thanh Xuân - Hà Nội', '2017-02-26 17:49:21', 'Lã Nhật Nam ', '2021-01-01 00:14:11', 'Lương Nhật Gia '),
('7d817578-2d6f-7bd4-9841-c1ec321fe728', 'NV-0039', 'Lưu Thị My', 0, 0, NULL, 2, '469b3ece-744a-45d5-957d-e8c757976496', 'Trưởng bộ phận', '3537370332', NULL, NULL, '444 Dương Đình Nghệ - Hà Đông - Hà Nội', '0986679378', NULL, 'papa0702@yahoo.com', '6851374678', 'Ngân hàng Vietcombank', 'Hoàng Cầu - Cầu Giấy - Hà Nội', '2013-01-01 00:04:28', 'Hoàng Nhật Long ', '2021-01-01 00:10:59', 'Đào Tuấn Tùng '),
('7d879258-5ccb-11d6-e31d-086412a8ea97', 'NV-0317', 'Lưu Văn Thành', 0, 0, '1985-10-25', 0, '17120d02-6ab5-3e43-18cb-66948daf6128', 'Nhân viên', '5032057123', '2005-10-25', NULL, 'Ngõ 74/98 Đinh Tiên Hoàng - Hai Bà Trưng - Hà Nội', '0987357249', NULL, 'trunghyun0889@outlook.com', '6690176860', 'Ngân hàng Đông Á', 'Đinh Tiên Hoàng - Hà Đông - Hà Nội', '2020-01-12 16:50:26', 'Nguyễn Tiến Sơn ', '2022-03-31 23:02:30', 'Lã Bình Anh '),
('7dc15ff7-7a2b-68a9-9941-c1ec321fe728', 'NV-0173', 'Nguyễn Ngọc Chinh', 0, 0, NULL, 1, '4577565a-7e3e-493a-74dd-867949feb8b5', 'Trưởng bộ phận', '2090129074', NULL, NULL, '38 Dương Đình Nghệ - Thanh Xuân - Hà Nội', '0987632520', NULL, 'authen4565@gmail.com.vn', '4019060657', 'Ngân hàng Quân Đội', 'Nguyễn Trãi - Cầu Giấy - Hà Nội', '2017-01-09 11:26:57', 'Lưu Nhật Hải ', '2023-06-29 23:13:28', 'Lưu An Hoàng '),
('7e61a689-2cd8-340e-2677-d9ebc53aac3d', 'NV-0273', 'Đào Như Ánh', 0, 0, NULL, 1, '11452b0c-768e-5ff7-0d63-eeb1d8ed8cef', 'Nhân viên', '8319109281', NULL, 'Sơn La', NULL, '0984170424', '0262280084', NULL, '5861881658', NULL, 'Khuất Duy Tiến - Bắc Từ Liêm - Hà Nội', '2013-01-01 01:36:17', 'Hoàng An Gia ', '2021-06-28 18:47:01', 'Lục Nam Lộc '),
('7eebdc34-6c41-1ab4-5735-0028ed526dd0', 'NV-0267', 'Triệu Lan Huyền', 0, 0, '2003-01-05', 1, '469b3ece-744a-45d5-957d-e8c757976496', 'Trưởng phòng', '2094162295', '1992-10-29', NULL, '16 Dương Đình Nghệ - Ba Đình - Hà Nội', '0984481403', NULL, 'authen7431@yahoo.com.vn', '4488641235', 'Ngân hàng Á Châu', 'Nguyễn Trãi - Thanh Xuân - Hà Nội', '2013-01-01 00:00:04', 'Lã Tiến Giang ', '2021-10-04 18:23:43', 'Hoàng Nam Thiếu '),
('7f1b6c7c-2b74-3ebb-31c2-579daad24557', 'NV-0018', 'Vũ Nhật Hải', 0, 0, '1971-03-17', 0, '11452b0c-768e-5ff7-0d63-eeb1d8ed8cef', NULL, '1302217873', '1997-08-23', NULL, 'Ngõ 98/21/13 Khuất Duy Tiến - Thanh Xuân - Hà Nội', '0988361044', '0986287368', 'papa8250@gmail.com.vn', '9471426200', 'Ngân hàng Vietcombank', 'Dương Đình Nghệ - Bắc Từ Liêm - Hà Nội', '2019-05-14 17:39:28', 'Hoàng Nhật Hải ', '2023-06-02 14:47:16', 'Lục Tiến Giang '),
('a27e541b-6522-4f97-81ef-b95e97a6d24f', 'NV-0402', 'Nguyễn Văn An', NULL, NULL, '2024-01-23', 0, '11452b0c-768e-5ff7-0d63-eeb1d8ed8cef', NULL, NULL, NULL, NULL, NULL, NULL, NULL, NULL, NULL, NULL, NULL, '2024-01-24 01:10:12', 'admin', '2024-01-24 01:10:12', 'admin'),
('c009c770-831b-446b-b5e0-cc90fb31f80d', 'NV-0400', 'NGUYEN THEM', NULL, NULL, NULL, 0, '11452b0c-768e-5ff7-0d63-eeb1d8ed8cef', NULL, NULL, NULL, NULL, NULL, NULL, NULL, NULL, NULL, NULL, NULL, '2024-01-24 00:32:56', 'admin', '2024-01-24 00:32:56', 'admin');

-- 
-- Restore previous SQL mode
-- 
/*!40101 SET SQL_MODE=@OLD_SQL_MODE */;

-- 
-- Enable foreign keys
-- 
/*!40014 SET FOREIGN_KEY_CHECKS = @OLD_FOREIGN_KEY_CHECKS */;